"","Match_no","Match","Winner","City","Stadium","Year"
"1","1st match","Royal Challengers Bangalore vs Kolkata Knight Riders","Kolkata Knight Riders"," Bengaluru"," M.Chinnaswamy Stadium","2008"
"2","2nd match","Kings XI Punjab vs Chennai Super Kings","Chennai Super Kings"," Mohali"," Punjab Cricket Association IS Bindra Stadium","2008"
"3","3rd match","Delhi Daredevils vs Rajasthan Royals","Delhi Daredevils"," Delhi"," Feroz Shah Kotla","2008"
"4","4th match","Kolkata Knight Riders vs Deccan Chargers","Kolkata Knight Riders"," Kolkata"," Eden Gardens","2008"
"5","5th match","Mumbai Indians vs Royal Challengers Bangalore","Royal Challengers Bangalore"," Mumbai"," Wankhede Stadium","2008"
"6","6th match","Rajasthan Royals vs Kings XI Punjab","Rajasthan Royals"," Jaipur"," Sawai Mansingh Stadium","2008"
"7","7th match","Deccan Chargers vs Delhi Daredevils","Delhi Daredevils"," Hyderabad"," Rajiv Gandhi International Stadium","2008"
"8","8th match","Chennai Super Kings vs Mumbai Indians","Chennai Super Kings"," Chennai"," MA Chidambaram Stadium","2008"
"9","9th match","Deccan Chargers vs Rajasthan Royals","Rajasthan Royals"," Hyderabad"," Rajiv Gandhi International Stadium","2008"
"10","10th match","Kings XI Punjab vs Mumbai Indians","Kings XI Punjab"," Mohali"," Punjab Cricket Association IS Bindra Stadium","2008"
"11","11th match","Chennai Super Kings vs Kolkata Knight Riders","Chennai Super Kings"," Chennai"," MA Chidambaram Stadium","2008"
"12","12th match","Royal Challengers Bangalore vs Rajasthan Royals","Rajasthan Royals"," Bengaluru"," M.Chinnaswamy Stadium","2008"
"13","13th match","Kings XI Punjab vs Delhi Daredevils","Kings XI Punjab"," Mohali"," Punjab Cricket Association IS Bindra Stadium","2008"
"14","14th match","Mumbai Indians vs Deccan Chargers","Deccan Chargers"," Mumbai"," Dr DY Patil Sports Academy","2008"
"15","15th match","Royal Challengers Bangalore vs Chennai Super Kings","Chennai Super Kings"," Bengaluru"," M.Chinnaswamy Stadium","2008"
"16","16th match","Kolkata Knight Riders vs Mumbai Indians","Mumbai Indians"," Kolkata"," Eden Gardens","2008"
"17","17th match","Delhi Daredevils vs Royal Challengers Bangalore","Delhi Daredevils"," Delhi"," Feroz Shah Kotla","2008"
"18","18th match","Rajasthan Royals vs Kolkata Knight Riders","Rajasthan Royals"," Jaipur"," Sawai Mansingh Stadium","2008"
"19","19th match","Deccan Chargers vs Kings XI Punjab","Kings XI Punjab"," Hyderabad"," Rajiv Gandhi International Stadium","2008"
"20","20th match","Chennai Super Kings vs Delhi Daredevils","Delhi Daredevils"," Chennai"," MA Chidambaram Stadium","2008"
"21","21st match","Royal Challengers Bangalore vs Deccan Chargers","Royal Challengers Bangalore"," Bengaluru"," M.Chinnaswamy Stadium","2008"
"22","22nd match","Kings XI Punjab vs Kolkata Knight Riders","Kings XI Punjab"," Mohali"," Punjab Cricket Association IS Bindra Stadium","2008"
"23","23rd match","Mumbai Indians vs Delhi Daredevils","Mumbai Indians"," Mumbai"," Dr DY Patil Sports Academy","2008"
"24","24th match","Rajasthan Royals vs Chennai Super Kings","Rajasthan Royals"," Jaipur"," Sawai Mansingh Stadium","2008"
"25","25th match","Royal Challengers Bangalore vs Kings XI Punjab","Kings XI Punjab"," Bengaluru"," M.Chinnaswamy Stadium","2008"
"26","26th match","Chennai Super Kings vs Deccan Chargers","Deccan Chargers"," Chennai"," MA Chidambaram Stadium","2008"
"27","27th match","Mumbai Indians vs Rajasthan Royals","Mumbai Indians"," Mumbai"," Dr DY Patil Sports Academy","2008"
"28","28th match","Delhi Daredevils vs Chennai Super Kings","Chennai Super Kings"," Delhi"," Feroz Shah Kotla","2008"
"29","29th match","Kolkata Knight Riders vs Royal Challengers Bangalore","Kolkata Knight Riders"," Kolkata"," Eden Gardens","2008"
"30","30th match","Rajasthan Royals vs Deccan Chargers","Rajasthan Royals"," Jaipur"," Sawai Mansingh Stadium","2008"
"31","31st match","Chennai Super Kings vs Kings XI Punjab","Chennai Super Kings"," Chennai"," MA Chidambaram Stadium","2008"
"32","32nd match","Deccan Chargers vs Kolkata Knight Riders","Kolkata Knight Riders"," Hyderabad"," Rajiv Gandhi International Stadium","2008"
"33","33rd match","Rajasthan Royals vs Delhi Daredevils","Rajasthan Royals"," Jaipur"," Sawai Mansingh Stadium","2008"
"34","34th match","Kings XI Punjab vs Royal Challengers Bangalore","Kings XI Punjab"," Mohali"," Punjab Cricket Association IS Bindra Stadium","2008"
"35","35th match","Kolkata Knight Riders vs Delhi Daredevils","Kolkata Knight Riders"," Kolkata"," Eden Gardens","2008"
"36","36th match","Mumbai Indians vs Chennai Super Kings","Mumbai Indians"," Mumbai"," Wankhede Stadium","2008"
"37","37th match","Delhi Daredevils vs Deccan Chargers","Delhi Daredevils"," Delhi"," Feroz Shah Kotla","2008"
"38","38th match","Mumbai Indians vs Kolkata Knight Riders","Mumbai Indians"," Mumbai"," Wankhede Stadium","2008"
"39","39th match","Rajasthan Royals vs Royal Challengers Bangalore","Rajasthan Royals"," Jaipur"," Sawai Mansingh Stadium","2008"
"40","40th match","Delhi Daredevils vs Kings XI Punjab","Kings XI Punjab"," Delhi"," Feroz Shah Kotla","2008"
"41","41st match","Kolkata Knight Riders vs Chennai Super Kings","Chennai Super Kings"," Kolkata"," Eden Gardens","2008"
"42","42nd match","Deccan Chargers vs Mumbai Indians","Mumbai Indians"," Hyderabad"," Rajiv Gandhi International Stadium","2008"
"43","43rd match","Royal Challengers Bangalore vs Delhi Daredevils","Delhi Daredevils"," Bengaluru"," M.Chinnaswamy Stadium","2008"
"44","44th match","Kolkata Knight Riders vs Rajasthan Royals","Rajasthan Royals"," Kolkata"," Eden Gardens","2008"
"45","45th match","Mumbai Indians vs Kings XI Punjab","Kings XI Punjab"," Mumbai"," Wankhede Stadium","2008"
"46","46th match","Chennai Super Kings vs Royal Challengers Bangalore","Royal Challengers Bangalore"," Chennai"," MA Chidambaram Stadium","2008"
"47","47th match","Delhi Daredevils vs Kolkata Knight Riders","draw"," Delhi"," Feroz Shah Kotla","2008"
"48","48th match","Kings XI Punjab vs Deccan Chargers","Kings XI Punjab"," Mohali"," Punjab Cricket Association IS Bindra Stadium","2008"
"49","49th match","Chennai Super Kings vs Rajasthan Royals","Rajasthan Royals"," Chennai"," MA Chidambaram Stadium","2008"
"50","50th match","Delhi Daredevils vs Mumbai Indians","Delhi Daredevils"," Delhi"," Feroz Shah Kotla","2008"
"51","51st match","Deccan Chargers vs Royal Challengers Bangalore","Royal Challengers Bangalore"," Hyderabad"," Rajiv Gandhi International Stadium","2008"
"52","52nd match","Kolkata Knight Riders vs Kings XI Punjab","Kolkata Knight Riders"," Kolkata"," Eden Gardens","2008"
"53","53rd match","Rajasthan Royals vs Mumbai Indians","Rajasthan Royals"," Jaipur"," Sawai Mansingh Stadium","2008"
"54","54th match","Deccan Chargers vs Chennai Super Kings","Chennai Super Kings"," Hyderabad"," Rajiv Gandhi International Stadium","2008"
"55","55th match","Royal Challengers Bangalore vs Mumbai Indians","Mumbai Indians"," Bengaluru"," M.Chinnaswamy Stadium","2008"
"56","56th match","Kings XI Punjab vs Rajasthan Royals","Kings XI Punjab"," Mohali"," Punjab Cricket Association IS Bindra Stadium","2008"
"57","1st Semi-Final","Delhi Daredevils vs Rajasthan Royals","Rajasthan Royals"," Mumbai"," Wankhede Stadium","2008"
"58","2nd Semi-Final","Chennai Super Kings vs Kings XI Punjab","Chennai Super Kings"," Mumbai"," Wankhede Stadium","2008"
"59","Final","Chennai Super Kings vs Rajasthan Royals","Rajasthan Royals"," Mumbai"," Dr DY Patil Sports Academy","2008"
"60","1st match","Chennai Super Kings vs Mumbai Indians","Mumbai Indians"," Cape Town"," Newlands","2009"
"61","2nd match","Royal Challengers Bangalore vs Rajasthan Royals","Royal Challengers Bangalore"," Cape Town"," Newlands","2009"
"62","3rd match","Delhi Daredevils vs Kings XI Punjab","Delhi Daredevils"," Cape Town"," Newlands","2009"
"63","4th match","Deccan Chargers vs Kolkata Knight Riders","Deccan Chargers"," Cape Town"," Newlands","2009"
"64","5th match","Royal Challengers Bangalore vs Chennai Super Kings","Chennai Super Kings"," Port Elizabeth"," St George's Park","2009"
"65","6th match","Kings XI Punjab vs Kolkata Knight Riders","Kolkata Knight Riders"," Durban"," Kingsmead","2009"
"66","7th match","Mumbai Indians vs Rajasthan Royals","draw"," Durban"," Kingsmead","2009"
"67","8th match","Royal Challengers Bangalore vs Deccan Chargers","Deccan Chargers"," Cape Town"," Newlands","2009"
"68","9th match","Chennai Super Kings vs Delhi Daredevils","Delhi Daredevils"," Durban"," Kingsmead","2009"
"69","10th match","Kolkata Knight Riders vs Rajasthan Royals","Match tied (Rajasthan Royals"," Cape Town"," Newlands","2009"
"70","11th match","Royal Challengers Bangalore vs Kings XI Punjab","Kings XI Punjab"," Durban"," Kingsmead","2009"
"71","12th match","Deccan Chargers vs Mumbai Indians","Deccan Chargers"," Durban"," Kingsmead","2009"
"72","13th match","Chennai Super Kings vs Kolkata Knight Riders","draw"," Cape Town"," Newlands","2009"
"73","14th match","Royal Challengers Bangalore vs Delhi Daredevils","Delhi Daredevils"," Port Elizabeth"," St George's Park","2009"
"74","15th match","Kings XI Punjab vs Rajasthan Royals","Kings XI Punjab"," Cape Town"," Newlands","2009"
"75","16th match","Chennai Super Kings vs Deccan Chargers","Deccan Chargers"," Durban"," Kingsmead","2009"
"76","17th match","Kolkata Knight Riders vs Mumbai Indians","Mumbai Indians"," Port Elizabeth"," St George's Park","2009"
"77","18th match","Delhi Daredevils vs Rajasthan Royals","Rajasthan Royals"," Centurion"," SuperSport Park","2009"
"78","19th match","Royal Challengers Bangalore vs Kolkata Knight Riders","Royal Challengers Bangalore"," Durban"," Kingsmead","2009"
"79","20th match","Kings XI Punjab vs Mumbai Indians","Kings XI Punjab"," Durban"," Kingsmead","2009"
"80","21st match","Deccan Chargers vs Delhi Daredevils","Delhi Daredevils"," Centurion"," SuperSport Park","2009"
"81","22nd match","Chennai Super Kings vs Rajasthan Royals","Chennai Super Kings"," Centurion"," SuperSport Park","2009"
"82","23rd match","Kolkata Knight Riders vs Mumbai Indians","Mumbai Indians"," East London"," Buffalo Park","2009"
"83","24th match","Royal Challengers Bangalore vs Kings XI Punjab","Royal Challengers Bangalore"," Durban"," Kingsmead","2009"
"84","25th match","Deccan Chargers vs Rajasthan Royals","Rajasthan Royals"," Port Elizabeth"," St George's Park","2009"
"85","26th match","Chennai Super Kings vs Delhi Daredevils","Chennai Super Kings"," Johannesburg"," The Wanderers Stadium","2009"
"86","27th match","Kings XI Punjab vs Kolkata Knight Riders","Kings XI Punjab"," Port Elizabeth"," St George's Park","2009"
"87","28th match","Royal Challengers Bangalore vs Mumbai Indians","Royal Challengers Bangalore"," Johannesburg"," The Wanderers Stadium","2009"
"88","29th match","Chennai Super Kings vs Deccan Chargers","Chennai Super Kings"," East London"," Buffalo Park","2009"
"89","30th match","Kings XI Punjab vs Rajasthan Royals","Rajasthan Royals"," Durban"," Kingsmead","2009"
"90","31st match","Delhi Daredevils vs Kolkata Knight Riders","Delhi Daredevils"," Durban"," Kingsmead","2009"
"91","32nd match","Deccan Chargers vs Mumbai Indians","Deccan Chargers"," Centurion"," SuperSport Park","2009"
"92","33rd match","Royal Challengers Bangalore vs Rajasthan Royals","Rajasthan Royals"," Centurion"," SuperSport Park","2009"
"93","34th match","Chennai Super Kings vs Kings XI Punjab","Chennai Super Kings"," Centurion"," SuperSport Park","2009"
"94","35th match","Delhi Daredevils vs Mumbai Indians","Delhi Daredevils"," East London"," Buffalo Park","2009"
"95","36th match","Deccan Chargers vs Kings XI Punjab","Kings XI Punjab"," Kimberley"," Diamond Oval","2009"
"96","37th match","Chennai Super Kings vs Rajasthan Royals","Chennai Super Kings"," Kimberley"," Diamond Oval","2009"
"97","38th match","Royal Challengers Bangalore vs Mumbai Indians","Mumbai Indians"," Port Elizabeth"," St George's Park","2009"
"98","39th match","Delhi Daredevils vs Kolkata Knight Riders","Delhi Daredevils"," Johannesburg"," The Wanderers Stadium","2009"
"99","40th match","Deccan Chargers vs Rajasthan Royals","Deccan Chargers"," Kimberley"," Diamond Oval","2009"
"100","41st match","Royal Challengers Bangalore vs Kolkata Knight Riders","Royal Challengers Bangalore"," Centurion"," SuperSport Park","2009"
"101","42nd match","Kings XI Punjab vs Mumbai Indians","Mumbai Indians"," Centurion"," SuperSport Park","2009"
"102","43rd match","Deccan Chargers vs Delhi Daredevils","Delhi Daredevils"," Durban"," Kingsmead","2009"
"103","44th match","Royal Challengers Bangalore vs Chennai Super Kings","Royal Challengers Bangalore"," Durban"," Kingsmead","2009"
"104","45th match","Mumbai Indians vs Rajasthan Royals","Rajasthan Royals"," Durban"," Kingsmead","2009"
"105","46th match","Delhi Daredevils vs Kings XI Punjab","Kings XI Punjab"," Bloemfontein"," Mangaung Oval","2009"
"106","47th match","Chennai Super Kings vs Mumbai Indians","Chennai Super Kings"," Port Elizabeth"," St George's Park","2009"
"107","48th match","Deccan Chargers vs Kolkata Knight Riders","Deccan Chargers"," Johannesburg"," The Wanderers Stadium","2009"
"108","49th match","Deccan Chargers vs Kings XI Punjab","Kings XI Punjab"," Johannesburg"," The Wanderers Stadium","2009"
"109","50th match","Delhi Daredevils vs Rajasthan Royals","Delhi Daredevils"," Bloemfontein"," Mangaung Oval","2009"
"110","51st match","Chennai Super Kings vs Kolkata Knight Riders","Kolkata Knight Riders"," Centurion"," SuperSport Park","2009"
"111","52nd match","Royal Challengers Bangalore vs Delhi Daredevils","Royal Challengers Bangalore"," Johannesburg"," The Wanderers Stadium","2009"
"112","53rd match","Kolkata Knight Riders vs Rajasthan Royals","Kolkata Knight Riders"," Durban"," Kingsmead","2009"
"113","54th match","Chennai Super Kings vs Kings XI Punjab","Chennai Super Kings"," Durban"," Kingsmead","2009"
"114","55th match","Delhi Daredevils vs Mumbai Indians","Delhi Daredevils"," Centurion"," SuperSport Park","2009"
"115","56th match","Royal Challengers Bangalore vs Deccan Chargers","Royal Challengers Bangalore"," Centurion"," SuperSport Park","2009"
"116","1st Semi-Final","Delhi Daredevils vs Deccan Chargers","Deccan Chargers"," Centurion"," SuperSport Park","2009"
"117","2nd Semi-Final","Royal Challengers Bangalore vs Chennai Super Kings","Royal Challengers Bangalore"," Johannesburg"," The Wanderers Stadium","2009"
"118","Final","Royal Challengers Bangalore vs Deccan Chargers","Deccan Chargers"," Johannesburg"," The Wanderers Stadium","2009"
"119","1st match","Deccan Chargers vs Kolkata Knight Riders","Kolkata Knight Riders"," Mumbai"," Dr DY Patil Sports Academy","2010"
"120","2nd match","Mumbai Indians vs Rajasthan Royals","Mumbai Indians"," Mumbai"," Brabourne Stadium","2010"
"121","3rd match","Kings XI Punjab vs Delhi Daredevils","Delhi Daredevils"," Mohali"," Punjab Cricket Association IS Bindra Stadium","2010"
"122","4th match","Kolkata Knight Riders vs Royal Challengers Bangalore","Kolkata Knight Riders"," Kolkata"," Eden Gardens","2010"
"123","5th match","Chennai Super Kings vs Deccan Chargers","Deccan Chargers"," Chennai"," MA Chidambaram Stadium","2010"
"124","6th match","Rajasthan Royals vs Delhi Daredevils","Delhi Daredevils"," Ahmedabad"," Sardar Patel Stadium","2010"
"125","7th match","Royal Challengers Bangalore vs Kings XI Punjab","Royal Challengers Bangalore"," Bengaluru"," M.Chinnaswamy Stadium","2010"
"126","8th match","Kolkata Knight Riders vs Chennai Super Kings","Chennai Super Kings"," Kolkata"," Eden Gardens","2010"
"127","9th match","Delhi Daredevils vs Mumbai Indians","Mumbai Indians"," Delhi"," Feroz Shah Kotla","2010"
"128","10th match","Royal Challengers Bangalore vs Rajasthan Royals","Royal Challengers Bangalore"," Bengaluru"," M.Chinnaswamy Stadium","2010"
"129","11th match","Delhi Daredevils vs Chennai Super Kings","Chennai Super Kings"," Delhi"," Feroz Shah Kotla","2010"
"130","12th match","Deccan Chargers vs Kings XI Punjab","Deccan Chargers"," Cuttack"," Barabati Stadium","2010"
"131","13th match","Rajasthan Royals vs Kolkata Knight Riders","Rajasthan Royals"," Ahmedabad"," Sardar Patel Stadium","2010"
"132","14th match","Mumbai Indians vs Royal Challengers Bangalore","Royal Challengers Bangalore"," Mumbai"," Brabourne Stadium","2010"
"133","15th match","Deccan Chargers vs Delhi Daredevils","Deccan Chargers"," Cuttack"," Barabati Stadium","2010"
"134","16th match","Chennai Super Kings vs Kings XI Punjab","Match tied (Kings XI Punjab"," Chennai"," MA Chidambaram Stadium","2010"
"135","17th match","Mumbai Indians vs Kolkata Knight Riders","Mumbai Indians"," Mumbai"," Brabourne Stadium","2010"
"136","18th match","Royal Challengers Bangalore vs Chennai Super Kings","Royal Challengers Bangalore"," Bengaluru"," M.Chinnaswamy Stadium","2010"
"137","19th match","Kings XI Punjab vs Rajasthan Royals","Rajasthan Royals"," Mohali"," Punjab Cricket Association IS Bindra Stadium","2010"
"138","20th match","Royal Challengers Bangalore vs Delhi Daredevils","Delhi Daredevils"," Bengaluru"," M.Chinnaswamy Stadium","2010"
"139","21st match","Mumbai Indians vs Chennai Super Kings","Mumbai Indians"," Mumbai"," Brabourne Stadium","2010"
"140","22nd match","Rajasthan Royals vs Deccan Chargers","Rajasthan Royals"," Ahmedabad"," Sardar Patel Stadium","2010"
"141","23rd match","Kings XI Punjab vs Kolkata Knight Riders","Kolkata Knight Riders"," Mohali"," Punjab Cricket Association IS Bindra Stadium","2010"
"142","24th match","Rajasthan Royals vs Chennai Super Kings","Rajasthan Royals"," Ahmedabad"," Sardar Patel Stadium","2010"
"143","25th match","Deccan Chargers vs Mumbai Indians","Mumbai Indians"," Mumbai"," Dr DY Patil Sports Academy","2010"
"144","26th match","Delhi Daredevils vs Kolkata Knight Riders","Delhi Daredevils"," Delhi"," Feroz Shah Kotla","2010"
"145","27th match","Mumbai Indians vs Kings XI Punjab","Mumbai Indians"," Mumbai"," Brabourne Stadium","2010"
"146","28th match","Chennai Super Kings vs Royal Challengers Bangalore","Chennai Super Kings"," Chennai"," MA Chidambaram Stadium","2010"
"147","29th match","Delhi Daredevils vs Rajasthan Royals","Delhi Daredevils"," Delhi"," Feroz Shah Kotla","2010"
"148","30th match","Kolkata Knight Riders vs Deccan Chargers","Kolkata Knight Riders"," Kolkata"," Eden Gardens","2010"
"149","31st match","Kings XI Punjab vs Royal Challengers Bangalore","Royal Challengers Bangalore"," Mohali"," Punjab Cricket Association IS Bindra Stadium","2010"
"150","32nd match","Chennai Super Kings vs Rajasthan Royals","Chennai Super Kings"," Chennai"," MA Chidambaram Stadium","2010"
"151","33rd match","Mumbai Indians vs Deccan Chargers","Mumbai Indians"," Mumbai"," Brabourne Stadium","2010"
"152","34th match","Kolkata Knight Riders vs Kings XI Punjab","Kings XI Punjab"," Kolkata"," Eden Gardens","2010"
"153","35th match","Delhi Daredevils vs Royal Challengers Bangalore","Delhi Daredevils"," Delhi"," Feroz Shah Kotla","2010"
"154","36th match","Deccan Chargers vs Rajasthan Royals","Rajasthan Royals"," Nagpur"," Vidarbha Cricket Association Stadium","2010"
"155","37th match","Chennai Super Kings vs Mumbai Indians","Chennai Super Kings"," Chennai"," MA Chidambaram Stadium","2010"
"156","38th match","Rajasthan Royals vs Kings XI Punjab","Rajasthan Royals"," Jaipur"," Sawai Mansingh Stadium","2010"
"157","39th match","Kolkata Knight Riders vs Delhi Daredevils","Kolkata Knight Riders"," Kolkata"," Eden Gardens","2010"
"158","40th match","Royal Challengers Bangalore vs Deccan Chargers","Deccan Chargers"," Bengaluru"," M.Chinnaswamy Stadium","2010"
"159","41st match","Kings XI Punjab vs Mumbai Indians","Kings XI Punjab"," Mohali"," Punjab Cricket Association IS Bindra Stadium","2010"
"160","42nd match","Deccan Chargers vs Chennai Super Kings","Deccan Chargers"," Nagpur"," Vidarbha Cricket Association Stadium","2010"
"161","43rd match","Royal Challengers Bangalore vs Kolkata Knight Riders","Royal Challengers Bangalore"," Bengaluru"," M.Chinnaswamy Stadium","2010"
"162","44th match","Delhi Daredevils vs Kings XI Punjab","Kings XI Punjab"," Delhi"," Feroz Shah Kotla","2010"
"163","45th match","Rajasthan Royals vs Mumbai Indians","Mumbai Indians"," Jaipur"," Sawai Mansingh Stadium","2010"
"164","46th match","Deccan Chargers vs Royal Challengers Bangalore","Deccan Chargers"," Nagpur"," Vidarbha Cricket Association Stadium","2010"
"165","47th match","Mumbai Indians vs Delhi Daredevils","Mumbai Indians"," Mumbai"," Brabourne Stadium","2010"
"166","48th match","Chennai Super Kings vs Kolkata Knight Riders","Chennai Super Kings"," Chennai"," MA Chidambaram Stadium","2010"
"167","49th match","Rajasthan Royals vs Royal Challengers Bangalore","Royal Challengers Bangalore"," Jaipur"," Sawai Mansingh Stadium","2010"
"168","50th match","Chennai Super Kings vs Delhi Daredevils","Delhi Daredevils"," Chennai"," MA Chidambaram Stadium","2010"
"169","51st match","Kings XI Punjab vs Deccan Chargers","Deccan Chargers"," Dharamsala"," Himachal Pradesh Cricket Association Stadium","2010"
"170","52nd match","Royal Challengers Bangalore vs Mumbai Indians","Mumbai Indians"," Bengaluru"," M.Chinnaswamy Stadium","2010"
"171","53rd match","Kolkata Knight Riders vs Rajasthan Royals","Kolkata Knight Riders"," Kolkata"," Eden Gardens","2010"
"172","54th match","Kings XI Punjab vs Chennai Super Kings","Chennai Super Kings"," Dharamsala"," Himachal Pradesh Cricket Association Stadium","2010"
"173","55th match","Delhi Daredevils vs Deccan Chargers","Deccan Chargers"," Delhi"," Feroz Shah Kotla","2010"
"174","56th match","Kolkata Knight Riders vs Mumbai Indians","Kolkata Knight Riders"," Kolkata"," Eden Gardens","2010"
"175","1st Semi-Final","Royal Challengers Bangalore vs Mumbai Indians","Mumbai Indians"," Mumbai"," Dr DY Patil Sports Academy","2010"
"176","2nd Semi-Final","Chennai Super Kings vs Deccan Chargers","Chennai Super Kings"," Mumbai"," Dr DY Patil Sports Academy","2010"
"177","3rd Place Play-off","Royal Challengers Bangalore vs Deccan Chargers","Royal Challengers Bangalore"," Mumbai"," Dr DY Patil Sports Academy","2010"
"178","Final","Chennai Super Kings vs Mumbai Indians","Chennai Super Kings"," Mumbai"," Dr DY Patil Sports Academy","2010"
"179","1st match","Chennai Super Kings vs Kolkata Knight Riders","Chennai Super Kings"," Chennai"," MA Chidambaram Stadium","2011"
"180","2nd match","Deccan Chargers vs Rajasthan Royals","Rajasthan Royals"," Hyderabad"," Rajiv Gandhi International Stadium","2011"
"181","3rd match","Kochi Tuskers Kerala vs Royal Challengers Bangalore","Royal Challengers Bangalore"," Kochi"," Nehru Stadium","2011"
"182","4th match","Delhi Daredevils vs Mumbai Indians","Mumbai Indians"," Delhi"," Feroz Shah Kotla","2011"
"183","5th match","Pune Warriors vs Kings XI Punjab","Pune Warriors"," Mumbai"," Dr DY Patil Sports Academy","2011"
"184","6th match","Kolkata Knight Riders vs Deccan Chargers","Kolkata Knight Riders"," Kolkata"," Eden Gardens","2011"
"185","7th match","Rajasthan Royals vs Delhi Daredevils","Rajasthan Royals"," Jaipur"," Sawai Mansingh Stadium","2011"
"186","8th match","Royal Challengers Bangalore vs Mumbai Indians","Mumbai Indians"," Bengaluru"," M.Chinnaswamy Stadium","2011"
"187","9th match","Kings XI Punjab vs Chennai Super Kings","Kings XI Punjab"," Mohali"," Punjab Cricket Association IS Bindra Stadium","2011"
"188","10th match","Pune Warriors vs Kochi Tuskers Kerala","Pune Warriors"," Mumbai"," Dr DY Patil Sports Academy","2011"
"189","11th match","Deccan Chargers vs Royal Challengers Bangalore","Deccan Chargers"," Hyderabad"," Rajiv Gandhi International Stadium","2011"
"190","12th match","Rajasthan Royals vs Kolkata Knight Riders","Kolkata Knight Riders"," Jaipur"," Sawai Mansingh Stadium","2011"
"191","13th match","Mumbai Indians vs Kochi Tuskers Kerala","Kochi Tuskers Kerala"," Mumbai"," Wankhede Stadium","2011"
"192","14th match","Chennai Super Kings vs Royal Challengers Bangalore","Chennai Super Kings"," Chennai"," MA Chidambaram Stadium","2011"
"193","15th match","Deccan Chargers vs Kings XI Punjab","Kings XI Punjab"," Hyderabad"," Rajiv Gandhi International Stadium","2011"
"194","16th match","Pune Warriors vs Delhi Daredevils","Delhi Daredevils"," Mumbai"," Dr DY Patil Sports Academy","2011"
"195","17th match","Kolkata Knight Riders vs Rajasthan Royals","Kolkata Knight Riders"," Kolkata"," Eden Gardens","2011"
"196","18th match","Kochi Tuskers Kerala vs Chennai Super Kings","Kochi Tuskers Kerala"," Kochi"," Nehru Stadium","2011"
"197","19th match","Delhi Daredevils vs Deccan Chargers","Deccan Chargers"," Delhi"," Feroz Shah Kotla","2011"
"198","20th match","Royal Challengers Bangalore vs Rajasthan Royals","draw"," Bengaluru"," M.Chinnaswamy Stadium","2011"
"199","21st match","Mumbai Indians vs Pune Warriors","Mumbai Indians"," Mumbai"," Wankhede Stadium","2011"
"200","22nd match","Kolkata Knight Riders vs Kochi Tuskers Kerala","Kochi Tuskers Kerala"," Kolkata"," Eden Gardens","2011"
"201","23rd match","Kings XI Punjab vs Rajasthan Royals","Kings XI Punjab"," Mohali"," Punjab Cricket Association IS Bindra Stadium","2011"
"202","24th match","Kolkata Knight Riders vs Royal Challengers Bangalore","Royal Challengers Bangalore"," Kolkata"," Eden Gardens","2011"
"203","25th match","Mumbai Indians vs Chennai Super Kings","Mumbai Indians"," Mumbai"," Wankhede Stadium","2011"
"204","26th match","Delhi Daredevils vs Kings XI Punjab","Delhi Daredevils"," Delhi"," Feroz Shah Kotla","2011"
"205","27th match","Deccan Chargers vs Mumbai Indians","Mumbai Indians"," Hyderabad"," Rajiv Gandhi International Stadium","2011"
"206","28th match","Rajasthan Royals vs Kochi Tuskers Kerala","Rajasthan Royals"," Jaipur"," Sawai Mansingh Stadium","2011"
"207","29th match","Chennai Super Kings vs Pune Warriors","Chennai Super Kings"," Chennai"," MA Chidambaram Stadium","2011"
"208","30th match","Delhi Daredevils vs Royal Challengers Bangalore","Royal Challengers Bangalore"," Delhi"," Feroz Shah Kotla","2011"
"209","31st match","Pune Warriors vs Chennai Super Kings","Chennai Super Kings"," Mumbai"," Dr DY Patil Sports Academy","2011"
"210","32nd match","Kochi Tuskers Kerala vs Deccan Chargers","Deccan Chargers"," Kochi"," Nehru Stadium","2011"
"211","33rd match","Delhi Daredevils vs Kolkata Knight Riders","Kolkata Knight Riders"," Delhi"," Feroz Shah Kotla","2011"
"212","34th match","Rajasthan Royals vs Mumbai Indians","Rajasthan Royals"," Jaipur"," Sawai Mansingh Stadium","2011"
"213","35th match","Royal Challengers Bangalore vs Pune Warriors","Royal Challengers Bangalore"," Bengaluru"," M.Chinnaswamy Stadium","2011"
"214","36th match","Kochi Tuskers Kerala vs Delhi Daredevils","Delhi Daredevils"," Kochi"," Nehru Stadium","2011"
"215","37th match","Kolkata Knight Riders vs Kings XI Punjab","Kolkata Knight Riders"," Kolkata"," Eden Gardens","2011"
"216","38th match","Rajasthan Royals vs Pune Warriors","Rajasthan Royals"," Jaipur"," Sawai Mansingh Stadium","2011"
"217","39th match","Chennai Super Kings vs Deccan Chargers","Chennai Super Kings"," Chennai"," MA Chidambaram Stadium","2011"
"218","40th match","Mumbai Indians vs Kings XI Punjab","Mumbai Indians"," Mumbai"," Wankhede Stadium","2011"
"219","41st match","Delhi Daredevils vs Kochi Tuskers Kerala","Kochi Tuskers Kerala"," Delhi"," Feroz Shah Kotla","2011"
"220","42nd match","Deccan Chargers vs Kolkata Knight Riders","Kolkata Knight Riders"," Hyderabad"," Rajiv Gandhi International Stadium","2011"
"221","43rd match","Chennai Super Kings vs Rajasthan Royals","Chennai Super Kings"," Chennai"," MA Chidambaram Stadium","2011"
"222","44th match","Pune Warriors vs Mumbai Indians","Mumbai Indians"," Mumbai"," Dr DY Patil Sports Academy","2011"
"223","45th match","Kochi Tuskers Kerala vs Kolkata Knight Riders","Kochi Tuskers Kerala"," Kochi"," Nehru Stadium","2011"
"224","46th match","Deccan Chargers vs Delhi Daredevils","Delhi Daredevils"," Hyderabad"," Rajiv Gandhi International Stadium","2011"
"225","47th match","Royal Challengers Bangalore vs Kings XI Punjab","Royal Challengers Bangalore"," Bengaluru"," M.Chinnaswamy Stadium","2011"
"226","48th match","Kolkata Knight Riders vs Chennai Super Kings","Kolkata Knight Riders"," Kolkata"," Eden Gardens","2011"
"227","49th match","Mumbai Indians vs Delhi Daredevils","Mumbai Indians"," Mumbai"," Wankhede Stadium","2011"
"228","50th match","Royal Challengers Bangalore vs Kochi Tuskers Kerala","Royal Challengers Bangalore"," Bengaluru"," M.Chinnaswamy Stadium","2011"
"229","51st match","Kings XI Punjab vs Pune Warriors","Pune Warriors"," Mohali"," Punjab Cricket Association IS Bindra Stadium","2011"
"230","52nd match","Rajasthan Royals vs Chennai Super Kings","Chennai Super Kings"," Jaipur"," Sawai Mansingh Stadium","2011"
"231","53rd match","Deccan Chargers vs Pune Warriors","Pune Warriors"," Hyderabad"," Rajiv Gandhi International Stadium","2011"
"232","54th match","Kings XI Punjab vs Mumbai Indians","Kings XI Punjab"," Mohali"," Punjab Cricket Association IS Bindra Stadium","2011"
"233","55th match","Rajasthan Royals vs Royal Challengers Bangalore","Royal Challengers Bangalore"," Jaipur"," Sawai Mansingh Stadium","2011"
"234","56th match","Chennai Super Kings vs Delhi Daredevils","Chennai Super Kings"," Chennai"," MA Chidambaram Stadium","2011"
"235","57th match","Kochi Tuskers Kerala vs Kings XI Punjab","Kings XI Punjab"," Indore"," Holkar Cricket Stadium","2011"
"236","58th match","Royal Challengers Bangalore vs Kolkata Knight Riders","Royal Challengers Bangalore"," Bengaluru"," M.Chinnaswamy Stadium","2011"
"237","59th match","Mumbai Indians vs Deccan Chargers","Deccan Chargers"," Mumbai"," Wankhede Stadium","2011"
"238","60th match","Kings XI Punjab vs Delhi Daredevils","Kings XI Punjab"," Dharamsala"," Himachal Pradesh Cricket Association Stadium","2011"
"239","61st match","Kochi Tuskers Kerala vs Rajasthan Royals","Kochi Tuskers Kerala"," Indore"," Holkar Cricket Stadium","2011"
"240","62nd match","Pune Warriors vs Deccan Chargers","Deccan Chargers"," Mumbai"," Dr DY Patil Sports Academy","2011"
"241","63rd match","Kings XI Punjab vs Royal Challengers Bangalore","Kings XI Punjab"," Dharamsala"," Himachal Pradesh Cricket Association Stadium","2011"
"242","64th match","Chennai Super Kings vs Kochi Tuskers Kerala","Chennai Super Kings"," Chennai"," MA Chidambaram Stadium","2011"
"243","65th match","Pune Warriors vs Kolkata Knight Riders","Kolkata Knight Riders"," Mumbai"," Dr DY Patil Sports Academy","2011"
"244","66th match","Mumbai Indians vs Rajasthan Royals","Rajasthan Royals"," Mumbai"," Wankhede Stadium","2011"
"245","67th match","Kings XI Punjab vs Deccan Chargers","Deccan Chargers"," Dharamsala"," Himachal Pradesh Cricket Association Stadium","2011"
"246","68th match","Delhi Daredevils vs Pune Warriors","draw"," Delhi"," Feroz Shah Kotla","2011"
"247","69th match","Royal Challengers Bangalore vs Chennai Super Kings","Royal Challengers Bangalore"," Bengaluru"," M.Chinnaswamy Stadium","2011"
"248","70th match","Kolkata Knight Riders vs Mumbai Indians","Mumbai Indians"," Kolkata"," Eden Gardens","2011"
"249","Qualifier 1 (1st v 2nd)","Royal Challengers Bangalore vs Chennai Super Kings","Chennai Super Kings"," Mumbai"," Wankhede Stadium","2011"
"250","Eliminator (3rd v 4th)","Mumbai Indians vs Kolkata Knight Riders","Mumbai Indians"," Mumbai"," Wankhede Stadium","2011"
"251","Qualifier 2 (Winner of Eliminator v Loser of Qualifier 1)","Mumbai Indians vs Royal Challengers Bangalore","Royal Challengers Bangalore"," Chennai"," MA Chidambaram Stadium","2011"
"252","Final","Chennai Super Kings vs Royal Challengers Bangalore","Chennai Super Kings"," Chennai"," MA Chidambaram Stadium","2011"
"253","1st Match","Chennai Super Kings vs Mumbai Indians","Mumbai Indians"," Chennai"," MA Chidambaram Stadium","2012"
"254","2nd Match","Kolkata Knight Riders vs Delhi Daredevils","Delhi Daredevils"," Kolkata"," Eden Gardens","2012"
"255","3rd Match","Mumbai Indians vs Pune Warriors","Pune Warriors"," Mumbai"," Wankhede Stadium","2012"
"256","4th Match","Rajasthan Royals vs Kings XI Punjab","Rajasthan Royals"," Jaipur"," Sawai Mansingh Stadium","2012"
"257","5th Match","Royal Challengers Bangalore vs Delhi Daredevils","Royal Challengers Bangalore"," Bengaluru"," M.Chinnaswamy Stadium","2012"
"258","6th Match","Deccan Chargers vs Chennai Super Kings","Chennai Super Kings"," Visakhapatnam"," Dr. Y.S. Rajasekhara Reddy ACA-VDCA Cricket Stadium","2012"
"259","7th Match","Rajasthan Royals vs Kolkata Knight Riders","Rajasthan Royals"," Jaipur"," Sawai Mansingh Stadium","2012"
"260","8th Match","Pune Warriors vs Kings XI Punjab","Pune Warriors"," Pune"," Maharashtra Cricket Association Stadium","2012"
"261","9th Match","Deccan Chargers vs Mumbai Indians","Mumbai Indians"," Visakhapatnam"," Dr. Y.S. Rajasekhara Reddy ACA-VDCA Cricket Stadium","2012"
"262","10th Match","Royal Challengers Bangalore vs Kolkata Knight Riders","Kolkata Knight Riders"," Bengaluru"," M.Chinnaswamy Stadium","2012"
"263","11th Match","Delhi Daredevils vs Chennai Super Kings","Delhi Daredevils"," Delhi"," Feroz Shah Kotla","2012"
"264","12th Match","Mumbai Indians vs Rajasthan Royals","Mumbai Indians"," Mumbai"," Wankhede Stadium","2012"
"265","13th Match","Chennai Super Kings vs Royal Challengers Bangalore","Chennai Super Kings"," Chennai"," MA Chidambaram Stadium","2012"
"266","14th Match","Kings XI Punjab vs Pune Warriors","Kings XI Punjab"," Mohali"," Punjab Cricket Association IS Bindra Stadium","2012"
"267","15th Match","Kolkata Knight Riders vs Rajasthan Royals","Kolkata Knight Riders"," Kolkata"," Eden Gardens","2012"
"268","16th Match","Pune Warriors vs Chennai Super Kings","Pune Warriors"," Pune"," Maharashtra Cricket Association Stadium","2012"
"269","17th Match","Kolkata Knight Riders vs Kings XI Punjab","Kings XI Punjab"," Kolkata"," Eden Gardens","2012"
"270","18th Match","Royal Challengers Bangalore vs Rajasthan Royals","Rajasthan Royals"," Bengaluru"," M.Chinnaswamy Stadium","2012"
"271","19th Match","Mumbai Indians vs Delhi Daredevils","Delhi Daredevils"," Mumbai"," Wankhede Stadium","2012"
"272","20th Match","Rajasthan Royals vs Deccan Chargers","Rajasthan Royals"," Jaipur"," Sawai Mansingh Stadium","2012"
"273","21st Match","Royal Challengers Bangalore vs Pune Warriors","Royal Challengers Bangalore"," Bengaluru"," M.Chinnaswamy Stadium","2012"
"274","22nd Match","Kings XI Punjab vs Kolkata Knight Riders","Kolkata Knight Riders"," Mohali"," Punjab Cricket Association IS Bindra Stadium","2012"
"275","23rd Match","Delhi Daredevils vs Deccan Chargers","Delhi Daredevils"," Delhi"," Feroz Shah Kotla","2012"
"276","24th Match","Chennai Super Kings vs Pune Warriors","Chennai Super Kings"," Chennai"," MA Chidambaram Stadium","2012"
"277","25th Match","Kings XI Punjab vs Royal Challengers Bangalore","Royal Challengers Bangalore"," Mohali"," Punjab Cricket Association IS Bindra Stadium","2012"
"278","26th Match","Chennai Super Kings vs Rajasthan Royals","Chennai Super Kings"," Chennai"," MA Chidambaram Stadium","2012"
"279","27th Match","Delhi Daredevils vs Pune Warriors","Pune Warriors"," Delhi"," Feroz Shah Kotla","2012"
"280","28th Match","Mumbai Indians vs Kings XI Punjab","Kings XI Punjab"," Mumbai"," Wankhede Stadium","2012"
"281","29th Match","Deccan Chargers vs Kolkata Knight Riders","Kolkata Knight Riders"," Cuttack"," Barabati Stadium","2012"
"282","30th Match","Rajasthan Royals vs Royal Challengers Bangalore","Royal Challengers Bangalore"," Jaipur"," Sawai Mansingh Stadium","2012"
"283","31st Match","Pune Warriors vs Delhi Daredevils","Delhi Daredevils"," Pune"," Maharashtra Cricket Association Stadium","2012"
"284","32nd Match","Kolkata Knight Riders vs Deccan Chargers","draw"," Kolkata"," Eden Gardens","2012"
"285","33rd Match","Kings XI Punjab vs Mumbai Indians","Mumbai Indians"," Mohali"," Punjab Cricket Association IS Bindra Stadium","2012"
"286","34th Match","Royal Challengers Bangalore vs Chennai Super Kings","draw"," Bengaluru"," M.Chinnaswamy Stadium","2012"
"287","35th Match","Pune Warriors vs Deccan Chargers","Deccan Chargers"," Pune"," Maharashtra Cricket Association Stadium","2012"
"288","36th Match","Delhi Daredevils vs Mumbai Indians","Delhi Daredevils"," Delhi"," Feroz Shah Kotla","2012"
"289","37th Match","Chennai Super Kings vs Kings XI Punjab","Kings XI Punjab"," Chennai"," MA Chidambaram Stadium","2012"
"290","38th Match","Kolkata Knight Riders vs Royal Challengers Bangalore","Kolkata Knight Riders"," Kolkata"," Eden Gardens","2012"
"291","39th Match","Delhi Daredevils vs Rajasthan Royals","Delhi Daredevils"," Delhi"," Feroz Shah Kotla","2012"
"292","40th Match","Mumbai Indians vs Deccan Chargers","Mumbai Indians"," Mumbai"," Wankhede Stadium","2012"
"293","41st Match","Chennai Super Kings vs Kolkata Knight Riders","Kolkata Knight Riders"," Chennai"," MA Chidambaram Stadium","2012"
"294","42nd Match","Deccan Chargers vs Pune Warriors","Deccan Chargers"," Cuttack"," Barabati Stadium","2012"
"295","43rd Match","Rajasthan Royals vs Delhi Daredevils","Delhi Daredevils"," Jaipur"," Sawai Mansingh Stadium","2012"
"296","44th Match","Royal Challengers Bangalore vs Kings XI Punjab","Kings XI Punjab"," Bengaluru"," M.Chinnaswamy Stadium","2012"
"297","45th Match","Pune Warriors vs Mumbai Indians","Mumbai Indians"," Pune"," Maharashtra Cricket Association Stadium","2012"
"298","46th Match","Chennai Super Kings vs Deccan Chargers","Chennai Super Kings"," Chennai"," MA Chidambaram Stadium","2012"
"299","47th Match","Kolkata Knight Riders vs Pune Warriors","Kolkata Knight Riders"," Kolkata"," Eden Gardens","2012"
"300","48th Match","Kings XI Punjab vs Rajasthan Royals","Rajasthan Royals"," Mohali"," Punjab Cricket Association IS Bindra Stadium","2012"
"301","49th Match","Mumbai Indians vs Chennai Super Kings","Mumbai Indians"," Mumbai"," Wankhede Stadium","2012"
"302","50th Match","Royal Challengers Bangalore vs Deccan Chargers","Royal Challengers Bangalore"," Bengaluru"," M.Chinnaswamy Stadium","2012"
"303","51st Match","Delhi Daredevils vs Kolkata Knight Riders","Kolkata Knight Riders"," Delhi"," Feroz Shah Kotla","2012"
"304","52nd Match","Pune Warriors vs Rajasthan Royals","Rajasthan Royals"," Pune"," Maharashtra Cricket Association Stadium","2012"
"305","53rd Match","Deccan Chargers vs Kings XI Punjab","Kings XI Punjab"," Hyderabad"," Rajiv Gandhi International Stadium","2012"
"306","54th Match","Mumbai Indians vs Royal Challengers Bangalore","Royal Challengers Bangalore"," Mumbai"," Wankhede Stadium","2012"
"307","55th Match","Deccan Chargers vs Delhi Daredevils","Delhi Daredevils"," Hyderabad"," Rajiv Gandhi International Stadium","2012"
"308","56th Match","Rajasthan Royals vs Chennai Super Kings","Chennai Super Kings"," Jaipur"," Sawai Mansingh Stadium","2012"
"309","57th Match","Pune Warriors vs Royal Challengers Bangalore","Royal Challengers Bangalore"," Pune"," Maharashtra Cricket Association Stadium","2012"
"310","58th Match","Kolkata Knight Riders vs Mumbai Indians","Mumbai Indians"," Kolkata"," Eden Gardens","2012"
"311","59th Match","Chennai Super Kings vs Delhi Daredevils","Chennai Super Kings"," Chennai"," MA Chidambaram Stadium","2012"
"312","60th Match","Rajasthan Royals vs Pune Warriors","Rajasthan Royals"," Jaipur"," Sawai Mansingh Stadium","2012"
"313","61st Match","Kings XI Punjab vs Deccan Chargers","Kings XI Punjab"," Mohali"," Punjab Cricket Association IS Bindra Stadium","2012"
"314","62nd Match","Royal Challengers Bangalore vs Mumbai Indians","Mumbai Indians"," Bengaluru"," M.Chinnaswamy Stadium","2012"
"315","63rd Match","Kolkata Knight Riders vs Chennai Super Kings","Chennai Super Kings"," Kolkata"," Eden Gardens","2012"
"316","64th Match","Delhi Daredevils vs Kings XI Punjab","Delhi Daredevils"," Delhi"," Feroz Shah Kotla","2012"
"317","65th Match","Mumbai Indians vs Kolkata Knight Riders","Kolkata Knight Riders"," Mumbai"," Wankhede Stadium","2012"
"318","66th Match","Kings XI Punjab vs Chennai Super Kings","Kings XI Punjab"," Dharamsala"," Himachal Pradesh Cricket Association Stadium","2012"
"319","67th Match","Delhi Daredevils vs Royal Challengers Bangalore","Royal Challengers Bangalore"," Delhi"," Feroz Shah Kotla","2012"
"320","68th Match","Deccan Chargers vs Rajasthan Royals","Deccan Chargers"," Hyderabad"," Rajiv Gandhi International Stadium","2012"
"321","69th Match","Kings XI Punjab vs Delhi Daredevils","Delhi Daredevils"," Dharamsala"," Himachal Pradesh Cricket Association Stadium","2012"
"322","70th Match","Pune Warriors vs Kolkata Knight Riders","Kolkata Knight Riders"," Pune"," Maharashtra Cricket Association Stadium","2012"
"323","71st Match","Deccan Chargers vs Royal Challengers Bangalore","Deccan Chargers"," Hyderabad"," Rajiv Gandhi International Stadium","2012"
"324","72nd Match","Rajasthan Royals vs Mumbai Indians","Mumbai Indians"," Jaipur"," Sawai Mansingh Stadium","2012"
"325","Qualifier 1 (1st v 2nd)","Delhi Daredevils vs Kolkata Knight Riders","Kolkata Knight Riders"," Pune"," Maharashtra Cricket Association Stadium","2012"
"326","Eliminator (3rd v 4th)","Mumbai Indians vs Chennai Super Kings","Chennai Super Kings"," Bengaluru"," M.Chinnaswamy Stadium","2012"
"327","Qualifier 2","Chennai Super Kings vs Delhi Daredevils","Chennai Super Kings"," Chennai"," MA Chidambaram Stadium","2012"
"328","Final","Chennai Super Kings vs Kolkata Knight Riders","Kolkata Knight Riders"," Chennai"," MA Chidambaram Stadium","2012"
"329","1st Match","Kolkata Knight Riders vs Delhi Daredevils","Kolkata Knight Riders"," Kolkata"," Eden Gardens","2013"
"330","2nd Match","Royal Challengers Bangalore vs Mumbai Indians","Royal Challengers Bangalore"," Bengaluru"," M.Chinnaswamy Stadium","2013"
"331","3rd Match","Sunrisers Hyderabad vs Pune Warriors","Sunrisers Hyderabad"," Hyderabad"," Rajiv Gandhi International Stadium","2013"
"332","4th Match","Delhi Daredevils vs Rajasthan Royals","Rajasthan Royals"," Delhi"," Feroz Shah Kotla","2013"
"333","5th Match","Chennai Super Kings vs Mumbai Indians","Mumbai Indians"," Chennai"," MA Chidambaram Stadium","2013"
"334","6th Match","Pune Warriors vs Kings XI Punjab","Kings XI Punjab"," Pune"," Maharashtra Cricket Association Stadium","2013"
"335","7th Match","Sunrisers Hyderabad vs Royal Challengers Bangalore","Match tied - (Hyderabad"," Hyderabad"," Rajiv Gandhi International Stadium","2013"
"336","8th Match","Rajasthan Royals vs Kolkata Knight Riders","Rajasthan Royals"," Jaipur"," Sawai Mansingh Stadium","2013"
"337","9th Match","Royal Challengers Bangalore vs Sunrisers Hyderabad","Royal Challengers Bangalore"," Bengaluru"," M.Chinnaswamy Stadium","2013"
"338","10th Match","Mumbai Indians vs Delhi Daredevils","Mumbai Indians"," Mumbai"," Wankhede Stadium","2013"
"339","11th Match","Kings XI Punjab vs Chennai Super Kings","Chennai Super Kings"," Mohali"," Punjab Cricket Association IS Bindra Stadium","2013"
"340","12th Match","Royal Challengers Bangalore vs Kolkata Knight Riders","Royal Challengers Bangalore"," Bengaluru"," M.Chinnaswamy Stadium","2013"
"341","13th Match","Pune Warriors vs Rajasthan Royals","Pune Warriors"," Pune"," Maharashtra Cricket Association Stadium","2013"
"342","14th Match","Delhi Daredevils vs Sunrisers Hyderabad","Sunrisers Hyderabad"," Delhi"," Feroz Shah Kotla","2013"
"343","15th Match","Mumbai Indians vs Pune Warriors","Mumbai Indians"," Mumbai"," Wankhede Stadium","2013"
"344","16th Match","Chennai Super Kings vs Royal Challengers Bangalore","Chennai Super Kings"," Chennai"," MA Chidambaram Stadium","2013"
"345","17th Match","Kolkata Knight Riders vs Sunrisers Hyderabad","Kolkata Knight Riders"," Kolkata"," Eden Gardens","2013"
"346","18th Match","Rajasthan Royals vs Kings XI Punjab","Rajasthan Royals"," Jaipur"," Sawai Mansingh Stadium","2013"
"347","19th Match","Chennai Super Kings vs Pune Warriors","Pune Warriors"," Chennai"," MA Chidambaram Stadium","2013"
"348","20th Match","Kings XI Punjab vs Kolkata Knight Riders","Kings XI Punjab"," Mohali"," Punjab Cricket Association IS Bindra Stadium","2013"
"349","21st Match","Royal Challengers Bangalore vs Delhi Daredevils","Match tied (Bangalore"," Bengaluru"," M.Chinnaswamy Stadium","2013"
"350","22nd Match","Pune Warriors vs Sunrisers Hyderabad","Sunrisers Hyderabad"," Pune"," Maharashtra Cricket Association Stadium","2013"
"351","23rd Match","Rajasthan Royals vs Mumbai Indians","Rajasthan Royals"," Jaipur"," Sawai Mansingh Stadium","2013"
"352","24th Match","Delhi Daredevils vs Chennai Super Kings","Chennai Super Kings"," Delhi"," Feroz Shah Kotla","2013"
"353","25th Match","Sunrisers Hyderabad vs Kings XI Punjab","Sunrisers Hyderabad"," Hyderabad"," Rajiv Gandhi International Stadium","2013"
"354","26th Match","Kolkata Knight Riders vs Chennai Super Kings","Chennai Super Kings"," Kolkata"," Eden Gardens","2013"
"355","27th Match","Royal Challengers Bangalore vs Rajasthan Royals","Royal Challengers Bangalore"," Bengaluru"," M.Chinnaswamy Stadium","2013"
"356","28th Match","Delhi Daredevils vs Mumbai Indians","Delhi Daredevils"," Delhi"," Feroz Shah Kotla","2013"
"357","29th Match","Kings XI Punjab vs Pune Warriors","Kings XI Punjab"," Mohali"," Punjab Cricket Association IS Bindra Stadium","2013"
"358","30th Match","Chennai Super Kings vs Rajasthan Royals","Chennai Super Kings"," Chennai"," MA Chidambaram Stadium","2013"
"359","31st Match","Royal Challengers Bangalore vs Pune Warriors","Royal Challengers Bangalore"," Bengaluru"," M.Chinnaswamy Stadium","2013"
"360","32nd Match","Delhi Daredevils vs Kings XI Punjab","Kings XI Punjab"," Delhi"," Feroz Shah Kotla","2013"
"361","33rd Match","Kolkata Knight Riders vs Mumbai Indians","Mumbai Indians"," Kolkata"," Eden Gardens","2013"
"362","34th Match","Chennai Super Kings vs Sunrisers Hyderabad","Chennai Super Kings"," Chennai"," MA Chidambaram Stadium","2013"
"363","35th Match","Kolkata Knight Riders vs Kings XI Punjab","Kolkata Knight Riders"," Kolkata"," Eden Gardens","2013"
"364","36th Match","Rajasthan Royals vs Sunrisers Hyderabad","Rajasthan Royals"," Jaipur"," Sawai Mansingh Stadium","2013"
"365","37th Match","Mumbai Indians vs Royal Challengers Bangalore","Mumbai Indians"," Mumbai"," Wankhede Stadium","2013"
"366","38th Match","Chennai Super Kings vs Kolkata Knight Riders","Chennai Super Kings"," Chennai"," MA Chidambaram Stadium","2013"
"367","39th Match","Delhi Daredevils vs Pune Warriors","Delhi Daredevils"," Raipur"," Shaheed Veer Narayan Singh International Stadium","2013"
"368","40th Match","Rajasthan Royals vs Royal Challengers Bangalore","Rajasthan Royals"," Jaipur"," Sawai Mansingh Stadium","2013"
"369","41st Match","Mumbai Indians vs Kings XI Punjab","Mumbai Indians"," Mumbai"," Wankhede Stadium","2013"
"370","42nd Match","Pune Warriors vs Chennai Super Kings","Chennai Super Kings"," Pune"," Maharashtra Cricket Association Stadium","2013"
"371","43rd Match","Sunrisers Hyderabad vs Mumbai Indians","Sunrisers Hyderabad"," Hyderabad"," Rajiv Gandhi International Stadium","2013"
"372","44th Match","Delhi Daredevils vs Kolkata Knight Riders","Delhi Daredevils"," Raipur"," Shaheed Veer Narayan Singh International Stadium","2013"
"373","45th Match","Chennai Super Kings vs Kings XI Punjab","Chennai Super Kings"," Chennai"," MA Chidambaram Stadium","2013"
"374","46th Match","Pune Warriors vs Royal Challengers Bangalore","Royal Challengers Bangalore"," Pune"," Maharashtra Cricket Association Stadium","2013"
"375","47th Match","Kolkata Knight Riders vs Rajasthan Royals","Kolkata Knight Riders"," Kolkata"," Eden Gardens","2013"
"376","48th Match","Sunrisers Hyderabad vs Delhi Daredevils","Sunrisers Hyderabad"," Hyderabad"," Rajiv Gandhi International Stadium","2013"
"377","49th Match","Mumbai Indians vs Chennai Super Kings","Mumbai Indians"," Mumbai"," Wankhede Stadium","2013"
"378","50th Match","Rajasthan Royals vs Pune Warriors","Rajasthan Royals"," Jaipur"," Sawai Mansingh Stadium","2013"
"379","51st Match","Kings XI Punjab vs Royal Challengers Bangalore","Kings XI Punjab"," Mohali"," Punjab Cricket Association IS Bindra Stadium","2013"
"380","52nd Match","Rajasthan Royals vs Delhi Daredevils","Rajasthan Royals"," Jaipur"," Sawai Mansingh Stadium","2013"
"381","53rd Match","Mumbai Indians vs Kolkata Knight Riders","Mumbai Indians"," Mumbai"," Wankhede Stadium","2013"
"382","54th Match","Sunrisers Hyderabad vs Chennai Super Kings","Chennai Super Kings"," Hyderabad"," Rajiv Gandhi International Stadium","2013"
"383","55th Match","Kings XI Punjab vs Rajasthan Royals","Rajasthan Royals"," Mohali"," Punjab Cricket Association IS Bindra Stadium","2013"
"384","56th Match","Pune Warriors vs Kolkata Knight Riders","Kolkata Knight Riders"," Pune"," Maharashtra Cricket Association Stadium","2013"
"385","57th Match","Delhi Daredevils vs Royal Challengers Bangalore","Royal Challengers Bangalore"," Delhi"," Feroz Shah Kotla","2013"
"386","58th Match","Pune Warriors vs Mumbai Indians","Mumbai Indians"," Pune"," Maharashtra Cricket Association Stadium","2013"
"387","59th Match","Kings XI Punjab vs Sunrisers Hyderabad","Sunrisers Hyderabad"," Mohali"," Punjab Cricket Association IS Bindra Stadium","2013"
"388","60th Match","Kolkata Knight Riders vs Royal Challengers Bangalore","Kolkata Knight Riders"," Ranchi"," JSCA International Stadium Complex","2013"
"389","61st Match","Rajasthan Royals vs Chennai Super Kings","Rajasthan Royals"," Jaipur"," Sawai Mansingh Stadium","2013"
"390","62nd Match","Mumbai Indians vs Sunrisers Hyderabad","Mumbai Indians"," Mumbai"," Wankhede Stadium","2013"
"391","63rd Match","Royal Challengers Bangalore vs Kings XI Punjab","Kings XI Punjab"," Bengaluru"," M.Chinnaswamy Stadium","2013"
"392","64th Match","Chennai Super Kings vs Delhi Daredevils","Chennai Super Kings"," Chennai"," MA Chidambaram Stadium","2013"
"393","65th Match","Kolkata Knight Riders vs Pune Warriors","Pune Warriors"," Ranchi"," JSCA International Stadium Complex","2013"
"394","66th Match","Mumbai Indians vs Rajasthan Royals","Mumbai Indians"," Mumbai"," Wankhede Stadium","2013"
"395","67th Match","Kings XI Punjab vs Delhi Daredevils","Kings XI Punjab"," Dharamsala"," Himachal Pradesh Cricket Association Stadium","2013"
"396","68th Match","Sunrisers Hyderabad vs Rajasthan Royals","Sunrisers Hyderabad"," Hyderabad"," Rajiv Gandhi International Stadium","2013"
"397","69th Match","Kings XI Punjab vs Mumbai Indians","Kings XI Punjab"," Dharamsala"," Himachal Pradesh Cricket Association Stadium","2013"
"398","70th Match","Royal Challengers Bangalore vs Chennai Super Kings","Royal Challengers Bangalore"," Bengaluru"," M.Chinnaswamy Stadium","2013"
"399","71st Match","Pune Warriors vs Delhi Daredevils","Pune Warriors"," Pune"," Maharashtra Cricket Association Stadium","2013"
"400","72nd Match","Sunrisers Hyderabad vs Kolkata Knight Riders","Sunrisers Hyderabad"," Hyderabad"," Rajiv Gandhi International Stadium","2013"
"401","Qualifier 1","Chennai Super Kings vs Mumbai Indians","Chennai Super Kings"," Delhi"," Feroz Shah Kotla","2013"
"402","Eliminator","Rajasthan Royals vs Sunrisers Hyderabad","Rajasthan Royals"," Delhi"," Feroz Shah Kotla","2013"
"403","Qualifier 2","Mumbai Indians vs Rajasthan Royals","Mumbai Indians"," Kolkata"," Eden Gardens","2013"
"404","Final","Chennai Super Kings vs Mumbai Indians","Mumbai Indians"," Kolkata"," Eden Gardens","2013"
"405","1st Match","Mumbai Indians vs Kolkata Knight Riders","Kolkata Knight Riders"," Abu Dhabi"," Sheikh Zayed Stadium","2014"
"406","2nd Match","Delhi Daredevils vs Royal Challengers Bangalore","Royal Challengers Bangalore"," Sharjah"," Sharjah Cricket Association Stadium","2014"
"407","3rd Match","Chennai Super Kings vs Kings XI Punjab","Kings XI Punjab"," Abu Dhabi"," Sheikh Zayed Stadium","2014"
"408","4th Match","Sunrisers Hyderabad vs Rajasthan Royals","Rajasthan Royals"," Abu Dhabi"," Sheikh Zayed Stadium","2014"
"409","5th Match","Royal Challengers Bangalore vs Mumbai Indians","Royal Challengers Bangalore"," Dubai"," Dubai International Cricket Stadium ","2014"
"410","6th Match","Kolkata Knight Riders vs Delhi Daredevils","Delhi Daredevils"," Dubai"," Dubai International Cricket Stadium ","2014"
"411","7th Match","Rajasthan Royals vs Kings XI Punjab","Kings XI Punjab"," Sharjah"," Sharjah Cricket Association Stadium","2014"
"412","8th Match","Chennai Super Kings vs Delhi Daredevils","Chennai Super Kings"," Abu Dhabi"," Sheikh Zayed Stadium","2014"
"413","9th Match","Kings XI Punjab vs Sunrisers Hyderabad","Kings XI Punjab"," Sharjah"," Sharjah Cricket Association Stadium","2014"
"414","10th Match","Rajasthan Royals vs Chennai Super Kings","Chennai Super Kings"," Dubai"," Dubai International Cricket Stadium ","2014"
"415","11th Match","Royal Challengers Bangalore vs Kolkata Knight Riders","Kolkata Knight Riders"," Sharjah"," Sharjah Cricket Association Stadium","2014"
"416","12th Match","Sunrisers Hyderabad vs Delhi Daredevils","Sunrisers Hyderabad"," Dubai"," Dubai International Cricket Stadium ","2014"
"417","13th Match","Chennai Super Kings vs Mumbai Indians","Chennai Super Kings"," Dubai"," Dubai International Cricket Stadium ","2014"
"418","14th Match","Rajasthan Royals vs Royal Challengers Bangalore","Rajasthan Royals"," Abu Dhabi"," Sheikh Zayed Stadium","2014"
"419","15th Match","Kolkata Knight Riders vs Kings XI Punjab","Kings XI Punjab"," Abu Dhabi"," Sheikh Zayed Stadium","2014"
"420","16th Match","Delhi Daredevils vs Mumbai Indians","Delhi Daredevils"," Sharjah"," Sharjah Cricket Association Stadium","2014"
"421","17th Match","Sunrisers Hyderabad vs Chennai Super Kings","Chennai Super Kings"," Sharjah"," Sharjah Cricket Association Stadium","2014"
"422","18th Match","Kings XI Punjab vs Royal Challengers Bangalore","Kings XI Punjab"," Dubai"," Dubai International Cricket Stadium ","2014"
"423","19th Match","Kolkata Knight Riders vs Rajasthan Royals","Match tied (Rajasthan"," Abu Dhabi"," Sheikh Zayed Stadium","2014"
"424","20th Match","Mumbai Indians vs Sunrisers Hyderabad","Sunrisers Hyderabad"," Dubai"," Dubai International Cricket Stadium ","2014"
"425","21st Match","Chennai Super Kings vs Kolkata Knight Riders","Chennai Super Kings"," Ranchi"," JSCA International Stadium Complex","2014"
"426","22nd Match","Mumbai Indians vs Kings XI Punjab","Mumbai Indians"," Mumbai"," Wankhede Stadium","2014"
"427","23rd Match","Delhi Daredevils vs Rajasthan Royals","Rajasthan Royals"," Delhi"," Feroz Shah Kotla","2014"
"428","24th Match","Royal Challengers Bangalore vs Sunrisers Hyderabad","Royal Challengers Bangalore"," Bengaluru"," M.Chinnaswamy Stadium","2014"
"429","25th Match","Rajasthan Royals vs Kolkata Knight Riders","Rajasthan Royals"," Ahmedabad"," Sardar Patel Stadium","2014"
"430","26th Match","Delhi Daredevils vs Chennai Super Kings","Chennai Super Kings"," Delhi"," Feroz Shah Kotla","2014"
"431","27th Match","Mumbai Indians vs Royal Challengers Bangalore","Mumbai Indians"," Mumbai"," Wankhede Stadium","2014"
"432","28th Match","Delhi Daredevils vs Kolkata Knight Riders","Kolkata Knight Riders"," Delhi"," Feroz Shah Kotla","2014"
"433","29th Match","Kings XI Punjab vs Chennai Super Kings","Kings XI Punjab"," Cuttack"," Barabati Stadium","2014"
"434","30th Match","Rajasthan Royals vs Sunrisers Hyderabad","Sunrisers Hyderabad"," Ahmedabad"," Sardar Patel Stadium","2014"
"435","31st Match","Royal Challengers Bangalore vs Kings XI Punjab","Kings XI Punjab"," Bengaluru"," M.Chinnaswamy Stadium","2014"
"436","32nd Match","Delhi Daredevils vs Sunrisers Hyderabad","Hyderabad"," Delhi"," Feroz Shah Kotla","2014"
"437","33rd Match","Mumbai Indians vs Chennai Super Kings","Chennai Super Kings"," Mumbai"," Wankhede Stadium","2014"
"438","34th Match","Kings XI Punjab vs Kolkata Knight Riders","Kolkata Knight Riders"," Cuttack"," Barabati Stadium","2014"
"439","35th Match","Royal Challengers Bangalore vs Rajasthan Royals","Rajasthan Royals"," Bengaluru"," M.Chinnaswamy Stadium","2014"
"440","36th Match","Sunrisers Hyderabad vs Mumbai Indians","Mumbai Indians"," Hyderabad"," Rajiv Gandhi International Stadium","2014"
"441","37th Match","Chennai Super Kings vs Rajasthan Royals","Chennai Super Kings"," Ranchi"," JSCA International Stadium Complex","2014"
"442","38th Match","Royal Challengers Bangalore vs Delhi Daredevils","Royal Challengers Bangalore"," Bengaluru"," M.Chinnaswamy Stadium","2014"
"443","39th Match","Sunrisers Hyderabad vs Kings XI Punjab","Kings XI Punjab"," Hyderabad"," Rajiv Gandhi International Stadium","2014"
"444","40th Match","Kolkata Knight Riders vs Mumbai Indians","Kolkata Knight Riders"," Cuttack"," Barabati Stadium","2014"
"445","41st Match","Rajasthan Royals vs Delhi Daredevils","Rajasthan Royals"," Ahmedabad"," Sardar Patel Stadium","2014"
"446","42nd Match","Chennai Super Kings vs Royal Challengers Bangalore","Royal Challengers Bangalore"," Ranchi"," JSCA International Stadium Complex","2014"
"447","43rd Match","Sunrisers Hyderabad vs Kolkata Knight Riders","Kolkata Knight Riders"," Hyderabad"," Rajiv Gandhi International Stadium","2014"
"448","44th Match","Rajasthan Royals vs Mumbai Indians","Mumbai Indians"," Ahmedabad"," Sardar Patel Stadium","2014"
"449","45th Match","Delhi Daredevils vs Kings XI Punjab","Kings XI Punjab"," Delhi"," Feroz Shah Kotla","2014"
"450","46th Match","Sunrisers Hyderabad vs Royal Challengers Bangalore","Sunrisers Hyderabad"," Hyderabad"," Rajiv Gandhi International Stadium","2014"
"451","47th Match","Kolkata Knight Riders vs Chennai Super Kings","Kolkata Knight Riders"," Kolkata"," Eden Gardens","2014"
"452","48th Match","Kings XI Punjab vs Mumbai Indians","Mumbai Indians"," Mohali"," Punjab Cricket Association IS Bindra Stadium","2014"
"453","49th Match","Kolkata Knight Riders vs Royal Challengers Bangalore","Kolkata Knight Riders"," Kolkata"," Eden Gardens","2014"
"454","50th Match","Chennai Super Kings vs Sunrisers Hyderabad","Sunrisers Hyderabad"," Ranchi"," JSCA International Stadium Complex","2014"
"455","51st Match","Mumbai Indians vs Delhi Daredevils","Mumbai Indians"," Mumbai"," Wankhede Stadium","2014"
"456","52nd Match","Kings XI Punjab vs Rajasthan Royals","Kings XI Punjab"," Mohali"," Punjab Cricket Association IS Bindra Stadium","2014"
"457","53rd Match","Royal Challengers Bangalore vs Chennai Super Kings","Chennai Super Kings"," Bengaluru"," M.Chinnaswamy Stadium","2014"
"458","54th Match","Kolkata Knight Riders vs Sunrisers Hyderabad","Kolkata Knight Riders"," Kolkata"," Eden Gardens","2014"
"459","55th Match","Kings XI Punjab vs Delhi Daredevils","Kings XI Punjab"," Mohali"," Punjab Cricket Association IS Bindra Stadium","2014"
"460","56th Match","Mumbai Indians vs Rajasthan Royals","Mumbai Indians"," Mumbai"," Wankhede Stadium","2014"
"461","Qualifier 1","Kings XI Punjab vs Kolkata Knight Riders","Kolkata Knight Riders"," Kolkata"," Eden Gardens","2014"
"462","Eliminator","Chennai Super Kings vs Mumbai Indians","Chennai Super Kings"," Mumbai"," Brabourne Stadium","2014"
"463","Qualifier 2","Kings XI Punjab vs Chennai Super Kings","Kings XI Punjab"," Mumbai"," Wankhede Stadium","2014"
"464","Final","Kolkata Knight Riders vs Kings XI Punjab","Kolkata Knight Riders"," Bengaluru"," M.Chinnaswamy Stadium","2014"
"465","1st Match","Kolkata Knight Riders vs Mumbai Indians","Kolkata Knight Riders"," Kolkata"," Eden Gardens","2015"
"466","2nd Match","Chennai Super Kings vs Delhi Daredevils","Chennai Super Kings"," Chennai"," MA Chidambaram Stadium","2015"
"467","3rd Match","Kings XI Punjab vs Rajasthan Royals","Rajasthan Royals"," Pune"," Maharashtra Cricket Association Stadium","2015"
"468","4th Match","Chennai Super Kings vs Sunrisers Hyderabad","Chennai Super Kings"," Chennai"," MA Chidambaram Stadium","2015"
"469","5th Match","Kolkata Knight Riders vs Royal Challengers Bangalore","Royal Challengers Bangalore"," Kolkata"," Eden Gardens","2015"
"470","6th Match","Delhi Daredevils vs Rajasthan Royals","Rajasthan Royals"," Delhi"," Feroz Shah Kotla","2015"
"471","7th Match","Mumbai Indians vs Kings XI Punjab","Kings XI Punjab"," Mumbai"," Wankhede Stadium","2015"
"472","8th Match","Royal Challengers Bangalore vs Sunrisers Hyderabad","Sunrisers Hyderabad"," Bengaluru"," M.Chinnaswamy Stadium","2015"
"473","9th Match","Rajasthan Royals vs Mumbai Indians","Rajasthan Royals"," Ahmedabad"," Sardar Patel Stadium","2015"
"474","10th Match","Kings XI Punjab vs Delhi Daredevils","Delhi Daredevils"," Pune"," Maharashtra Cricket Association Stadium","2015"
"475","11th Match","Sunrisers Hyderabad vs Rajasthan Royals","Rajasthan Royals"," Visakhapatnam"," Dr. Y.S. Rajasekhara Reddy ACA-VDCA Cricket Stadium","2015"
"476","12th Match","Mumbai Indians vs Chennai Super Kings","Chennai Super Kings"," Mumbai"," Wankhede Stadium","2015"
"477","13th Match","Sunrisers Hyderabad vs Delhi Daredevils","Delhi Daredevils"," Visakhapatnam"," Dr. Y.S. Rajasekhara Reddy ACA-VDCA Cricket Stadium","2015"
"478","14th Match","Kings XI Punjab vs Kolkata Knight Riders","Kolkata Knight Riders"," Pune"," Maharashtra Cricket Association Stadium","2015"
"479","15th Match","Rajasthan Royals vs Chennai Super Kings","Rajasthan Royals"," Ahmedabad"," Sardar Patel Stadium","2015"
"480","16th Match","Royal Challengers Bangalore vs Mumbai Indians","Mumbai Indians"," Bengaluru"," M.Chinnaswamy Stadium","2015"
"481","17th Match","Delhi Daredevils vs Kolkata Knight Riders","Kolkata Knight Riders"," Delhi"," Feroz Shah Kotla","2015"
"482","18th Match","Rajasthan Royals vs Kings XI Punjab","Match tied (Kings XI Punjab"," Ahmedabad"," Sardar Patel Stadium","2015"
"483","19th Match","Sunrisers Hyderabad vs Kolkata Knight Riders","Sunrisers Hyderabad"," Visakhapatnam"," Dr. Y.S. Rajasekhara Reddy ACA-VDCA Cricket Stadium","2015"
"484","20th Match","Royal Challengers Bangalore vs Chennai Super Kings","Chennai Super Kings"," Bengaluru"," M.Chinnaswamy Stadium","2015"
"485","21st Match","Delhi Daredevils vs Mumbai Indians","Delhi Daredevils"," Delhi"," Feroz Shah Kotla","2015"
"486","22nd Match","Rajasthan Royals vs Royal Challengers Bangalore","Royal Challengers Bangalore"," Ahmedabad"," Sardar Patel Stadium","2015"
"487","23rd Match","Mumbai Indians vs Sunrisers Hyderabad","Mumbai Indians"," Mumbai"," Wankhede Stadium","2015"
"488","24th Match","Chennai Super Kings vs Kings XI Punjab","Chennai Super Kings"," Chennai"," MA Chidambaram Stadium","2015"
"489","25th Match","Kolkata Knight Riders vs Rajasthan Royals","draw"," Kolkata"," Eden Gardens","2015"
"490","26th Match","Delhi Daredevils vs Royal Challengers Bangalore","Royal Challengers Bangalore"," Delhi"," Feroz Shah Kotla","2015"
"491","27th Match","Kings XI Punjab vs Sunrisers Hyderabad","Sunrisers Hyderabad"," Mohali"," Punjab Cricket Association IS Bindra Stadium","2015"
"492","28th Match","Chennai Super Kings vs Kolkata Knight Riders","Chennai Super Kings"," Chennai"," MA Chidambaram Stadium","2015"
"493","29th Match","Royal Challengers Bangalore vs Rajasthan Royals","draw"," Bengaluru"," M.Chinnaswamy Stadium","2015"
"494","30th Match","Kolkata Knight Riders vs Chennai Super Kings","Kolkata Knight Riders"," Kolkata"," Eden Gardens","2015"
"495","31st Match","Delhi Daredevils vs Kings XI Punjab","Delhi Daredevils"," Delhi"," Feroz Shah Kotla","2015"
"496","32nd Match","Mumbai Indians vs Rajasthan Royals","Mumbai Indians"," Mumbai"," Wankhede Stadium","2015"
"497","33rd Match","Royal Challengers Bangalore vs Kolkata Knight Riders","Royal Challengers Bangalore"," Bengaluru"," M.Chinnaswamy Stadium","2015"
"498","34th Match","Sunrisers Hyderabad vs Chennai Super Kings","Sunrisers Hyderabad"," Hyderabad"," Rajiv Gandhi International Stadium","2015"
"499","35th Match","Kings XI Punjab vs Mumbai Indians","Mumbai Indians"," Mohali"," Punjab Cricket Association IS Bindra Stadium","2015"
"500","36th Match","Rajasthan Royals vs Delhi Daredevils","Rajasthan Royals"," Mumbai"," Brabourne Stadium","2015"
"501","37th Match","Chennai Super Kings vs Royal Challengers Bangalore","Chennai Super Kings"," Chennai"," MA Chidambaram Stadium","2015"
"502","38th Match","Kolkata Knight Riders vs Sunrisers Hyderabad","Kolkata Knight Riders"," Kolkata"," Eden Gardens","2015"
"503","39th Match","Mumbai Indians vs Delhi Daredevils","Mumbai Indians"," Mumbai"," Wankhede Stadium","2015"
"504","40th Match","Royal Challengers Bangalore vs Kings XI Punjab","Royal Challengers Bangalore"," Bengaluru"," M.Chinnaswamy Stadium","2015"
"505","41st Match","Rajasthan Royals vs Sunrisers Hyderabad","Sunrisers Hyderabad"," Mumbai"," Brabourne Stadium","2015"
"506","42nd Match","Kolkata Knight Riders vs Delhi Daredevils","Kolkata Knight Riders"," Kolkata"," Eden Gardens","2015"
"507","43rd Match","Chennai Super Kings vs Mumbai Indians","Mumbai Indians"," Chennai"," MA Chidambaram Stadium","2015"
"508","44th Match","Kolkata Knight Riders vs Kings XI Punjab","Kolkata Knight Riders"," Kolkata"," Eden Gardens","2015"
"509","45th Match","Delhi Daredevils vs Sunrisers Hyderabad","Sunrisers Hyderabad"," Raipur"," Shaheed Veer Narayan Singh International Stadium","2015"
"510","46th Match","Mumbai Indians vs Royal Challengers Bangalore","Royal Challengers Bangalore"," Mumbai"," Wankhede Stadium","2015"
"511","47th Match","Chennai Super Kings vs Rajasthan Royals","Chennai Super Kings"," Chennai"," MA Chidambaram Stadium","2015"
"512","48th Match","Sunrisers Hyderabad vs Kings XI Punjab","Sunrisers Hyderabad"," Hyderabad"," Rajiv Gandhi International Stadium","2015"
"513","49th Match","Delhi Daredevils vs Chennai Super Kings","Delhi Daredevils"," Raipur"," Shaheed Veer Narayan Singh International Stadium","2015"
"514","50th Match","Kings XI Punjab vs Royal Challengers Bangalore","Kings XI Punjab"," Mohali"," Punjab Cricket Association IS Bindra Stadium","2015"
"515","51st Match","Mumbai Indians vs Kolkata Knight Riders","Mumbai Indians"," Mumbai"," Wankhede Stadium","2015"
"516","52nd Match","Sunrisers Hyderabad vs Royal Challengers Bangalore","Royal Challengers Bangalore"," Hyderabad"," Rajiv Gandhi International Stadium","2015"
"517","53rd Match","Kings XI Punjab vs Chennai Super Kings","Chennai Super Kings"," Mohali"," Punjab Cricket Association IS Bindra Stadium","2015"
"518","54th Match","Rajasthan Royals vs Kolkata Knight Riders","Rajasthan Royals"," Mumbai"," Brabourne Stadium","2015"
"519","55th Match","Royal Challengers Bangalore vs Delhi Daredevils","draw"," Bengaluru"," M.Chinnaswamy Stadium","2015"
"520","56th Match","Sunrisers Hyderabad vs Mumbai Indians","Mumbai Indians"," Hyderabad"," Rajiv Gandhi International Stadium","2015"
"521","Qualifier 1","Chennai Super Kings vs Mumbai Indians","Mumbai Indians"," Mumbai"," Wankhede Stadium","2015"
"522","Eliminator","Royal Challengers Bangalore vs Rajasthan Royals","Royal Challengers Bangalore"," Pune"," Maharashtra Cricket Association Stadium","2015"
"523","Qualifier 2","Chennai Super Kings vs Royal Challengers Bangalore","Chennai Super Kings"," Ranchi"," JSCA International Stadium Complex","2015"
"524","Final","Mumbai Indians vs Chennai Super Kings","Mumbai Indians"," Kolkata"," Eden Gardens","2015"
"525","1st Match","Mumbai Indians vs Rising Pune Supergiant","Rising Pune Supergiants"," Mumbai"," Wankhede Stadium","2016"
"526","2nd Match","Kolkata Knight Riders vs Delhi Daredevils","Kolkata Knight Riders"," Kolkata"," Eden Gardens","2016"
"527","3rd Match","Kings XI Punjab vs Gujarat Lions","Gujarat Lions"," Mohali"," Punjab Cricket Association IS Bindra Stadium","2016"
"528","4th Match","Royal Challengers Bangalore vs Sunrisers Hyderabad","Royal Challengers Bangalore"," Bengaluru"," M.Chinnaswamy Stadium","2016"
"529","5th Match","Kolkata Knight Riders vs Mumbai Indians","Mumbai Indians"," Kolkata"," Eden Gardens","2016"
"530","6th Match","Gujarat Lions vs Rising Pune Supergiant","Gujarat Lions"," Rajkot"," Saurashtra Cricket Association Stadium","2016"
"531","7th Match","Delhi Daredevils vs Kings XI Punjab","Delhi Daredevils"," Delhi"," Feroz Shah Kotla","2016"
"532","8th Match","Sunrisers Hyderabad vs Kolkata Knight Riders","Kolkata Knight Riders"," Hyderabad"," Rajiv Gandhi International Stadium","2016"
"533","9th Match","Mumbai Indians vs Gujarat Lions","Gujarat Lions"," Mumbai"," Wankhede Stadium","2016"
"534","10th Match","Kings XI Punjab vs Rising Pune Supergiant","Kings XI Punjab"," Mohali"," Punjab Cricket Association IS Bindra Stadium","2016"
"535","11th Match","Royal Challengers Bangalore vs Delhi Daredevils","Delhi Daredevils"," Bengaluru"," M.Chinnaswamy Stadium","2016"
"536","12th Match","Sunrisers Hyderabad vs Mumbai Indians","Sunrisers Hyderabad"," Hyderabad"," Rajiv Gandhi International Stadium","2016"
"537","13th Match","Kings XI Punjab vs Kolkata Knight Riders","Kolkata Knight Riders"," Mohali"," Punjab Cricket Association IS Bindra Stadium","2016"
"538","14th Match","Mumbai Indians vs Royal Challengers Bangalore","Mumbai Indians"," Mumbai"," Wankhede Stadium","2016"
"539","15th Match","Gujarat Lions vs Sunrisers Hyderabad","Sunrisers Hyderabad"," Rajkot"," Saurashtra Cricket Association Stadium","2016"
"540","16th Match","Rising Pune Supergiant vs Royal Challengers Bangalore","Royal Challengers Bangalore"," Pune"," Maharashtra Cricket Association Stadium","2016"
"541","17th Match","Delhi Daredevils vs Mumbai Indians","Delhi Daredevils"," Delhi"," Feroz Shah Kotla","2016"
"542","18th Match","Sunrisers Hyderabad vs Kings XI Punjab","Sunrisers Hyderabad"," Hyderabad"," Rajiv Gandhi International Stadium","2016"
"543","19th Match","Gujarat Lions vs Royal Challengers Bangalore","Gujarat Lions"," Rajkot"," Saurashtra Cricket Association Stadium","2016"
"544","20th Match","Rising Pune Supergiant vs Kolkata Knight Riders","Kolkata Knight Riders"," Pune"," Maharashtra Cricket Association Stadium","2016"
"545","21st Match","Kings XI Punjab vs Mumbai Indians","Mumbai Indians"," Mohali"," Punjab Cricket Association IS Bindra Stadium","2016"
"546","22nd Match","Sunrisers Hyderabad vs Rising Pune Supergiant","Rising Pune Supergiants"," Hyderabad"," Rajiv Gandhi International Stadium","2016"
"547","23rd Match","Delhi Daredevils vs Gujarat Lions","Gujarat Lions"," Delhi"," Feroz Shah Kotla","2016"
"548","24th Match","Mumbai Indians vs Kolkata Knight Riders","Mumbai Indians"," Mumbai"," Wankhede Stadium","2016"
"549","25th Match","Rising Pune Supergiant vs Gujarat Lions","Gujarat Lions"," Pune"," Maharashtra Cricket Association Stadium","2016"
"550","26th Match","Delhi Daredevils vs Kolkata Knight Riders","Delhi Daredevils"," Delhi"," Feroz Shah Kotla","2016"
"551","27th Match","Sunrisers Hyderabad vs Royal Challengers Bangalore","Sunrisers Hyderabad"," Hyderabad"," Rajiv Gandhi International Stadium","2016"
"552","28th Match","Gujarat Lions vs Kings XI Punjab","Kings XI Punjab"," Rajkot"," Saurashtra Cricket Association Stadium","2016"
"553","29th Match","Rising Pune Supergiant vs Mumbai Indians","Mumbai Indians"," Pune"," Maharashtra Cricket Association Stadium","2016"
"554","30th Match","Royal Challengers Bangalore vs Kolkata Knight Riders","Kolkata Knight Riders"," Bengaluru"," M.Chinnaswamy Stadium","2016"
"555","31st Match","Gujarat Lions vs Delhi Daredevils","Delhi Daredevils"," Rajkot"," Saurashtra Cricket Association Stadium","2016"
"556","32nd Match","Kolkata Knight Riders vs Kings XI Punjab","Kolkata Knight Riders"," Kolkata"," Eden Gardens","2016"
"557","33rd Match","Delhi Daredevils vs Rising Pune Supergiant","Rising Pune Supergiants"," Delhi"," Feroz Shah Kotla","2016"
"558","34th Match","Sunrisers Hyderabad vs Gujarat Lions","Sunrisers Hyderabad"," Hyderabad"," Rajiv Gandhi International Stadium","2016"
"559","35th Match","Royal Challengers Bangalore vs Rising Pune Supergiant","Royal Challengers Bangalore"," Bengaluru"," M.Chinnaswamy Stadium","2016"
"560","36th Match","Kings XI Punjab vs Delhi Daredevils","Kings XI Punjab"," Mohali"," Punjab Cricket Association IS Bindra Stadium","2016"
"561","37th Match","Mumbai Indians vs Sunrisers Hyderabad","Sunrisers Hyderabad"," Visakhapatnam"," Dr. Y.S. Rajasekhara Reddy ACA-VDCA Cricket Stadium","2016"
"562","38th Match","Kolkata Knight Riders vs Gujarat Lions","Gujarat Lions"," Kolkata"," Eden Gardens","2016"
"563","39th Match","Kings XI Punjab vs Royal Challengers Bangalore","Royal Challengers Bangalore"," Mohali"," Punjab Cricket Association IS Bindra Stadium","2016"
"564","40th Match","Rising Pune Supergiant vs Sunrisers Hyderabad","Sunrisers Hyderabad"," Visakhapatnam"," Dr. Y.S. Rajasekhara Reddy ACA-VDCA Cricket Stadium","2016"
"565","41st Match","Royal Challengers Bangalore vs Mumbai Indians","Mumbai Indians"," Bengaluru"," M.Chinnaswamy Stadium","2016"
"566","42nd Match","Sunrisers Hyderabad vs Delhi Daredevils","Delhi Daredevils"," Hyderabad"," Rajiv Gandhi International Stadium","2016"
"567","43rd Match","Mumbai Indians vs Kings XI Punjab","Kings XI Punjab"," Visakhapatnam"," Dr. Y.S. Rajasekhara Reddy ACA-VDCA Cricket Stadium","2016"
"568","44th Match","Royal Challengers Bangalore vs Gujarat Lions","Royal Challengers Bangalore"," Bengaluru"," M.Chinnaswamy Stadium","2016"
"569","45th Match","Kolkata Knight Riders vs Rising Pune Supergiant","Kolkata Knight Riders"," Kolkata"," Eden Gardens","2016"
"570","46th Match","Kings XI Punjab vs Sunrisers Hyderabad","Sunrisers Hyderabad"," Mohali"," Punjab Cricket Association IS Bindra Stadium","2016"
"571","47th Match","Mumbai Indians vs Delhi Daredevils","Mumbai Indians"," Visakhapatnam"," Dr. Y.S. Rajasekhara Reddy ACA-VDCA Cricket Stadium","2016"
"572","48th Match","Kolkata Knight Riders vs Royal Challengers Bangalore","Royal Challengers Bangalore"," Kolkata"," Eden Gardens","2016"
"573","49th Match","Rising Pune Supergiant vs Delhi Daredevils","Rising Pune Supergiants"," Visakhapatnam"," Dr. Y.S. Rajasekhara Reddy ACA-VDCA Cricket Stadium","2016"
"574","50th Match","Royal Challengers Bangalore vs Kings XI Punjab","Royal Challengers Bangalore"," Bengaluru"," M.Chinnaswamy Stadium","2016"
"575","51st Match","Gujarat Lions vs Kolkata Knight Riders","Gujarat Lions"," Kanpur"," Green Park","2016"
"576","52nd Match","Delhi Daredevils vs Sunrisers Hyderabad","Delhi Daredevils"," Raipur"," Shaheed Veer Narayan Singh International Stadium","2016"
"577","53rd Match","Rising Pune Supergiant vs Kings XI Punjab","Rising Pune Supergiants"," Visakhapatnam"," Dr. Y.S. Rajasekhara Reddy ACA-VDCA Cricket Stadium","2016"
"578","54th Match","Gujarat Lions vs Mumbai Indians","Gujarat Lions"," Kanpur"," Green Park","2016"
"579","55th Match","Kolkata Knight Riders vs Sunrisers Hyderabad","Kolkata Knight Riders"," Kolkata"," Eden Gardens","2016"
"580","56th Match","Delhi Daredevils vs Royal Challengers Bangalore","Royal Challengers Bangalore"," Raipur"," Shaheed Veer Narayan Singh International Stadium","2016"
"581","Qualifier 1","Gujarat Lions vs Royal Challengers Bangalore","Royal Challengers Bangalore"," Bengaluru"," M.Chinnaswamy Stadium","2016"
"582","Eliminator","Sunrisers Hyderabad vs Kolkata Knight Riders","Sunrisers Hyderabad"," Delhi"," Feroz Shah Kotla","2016"
"583","Qualifier 2","Gujarat Lions vs Sunrisers Hyderabad","Sunrisers Hyderabad"," Delhi"," Feroz Shah Kotla","2016"
"584","Final","Royal Challengers Bangalore vs Sunrisers Hyderabad","Sunrisers Hyderabad"," Bengaluru"," M.Chinnaswamy Stadium","2016"
"585","1st Match","Sunrisers Hyderabad vs Royal Challengers Bangalore","Sunrisers Hyderabad"," Hyderabad"," Rajiv Gandhi International Stadium","2017"
"586","2nd Match","Rising Pune Supergiant vs Mumbai Indians","Rising Pune Supergiant"," Pune"," Maharashtra Cricket Association Stadium","2017"
"587","3rd Match","Gujarat Lions vs Kolkata Knight Riders","Kolkata Knight Riders"," Rajkot"," Saurashtra Cricket Association Stadium","2017"
"588","4th Match","Kings XI Punjab vs Rising Pune Supergiant","Kings XI Punjab"," Indore"," Holkar Cricket Stadium","2017"
"589","5th Match","Royal Challengers Bangalore vs Delhi Daredevils","Royal Challengers Bangalore"," Bengaluru"," M.Chinnaswamy Stadium","2017"
"590","6th Match","Sunrisers Hyderabad vs Gujarat Lions","Sunrisers Hyderabad"," Hyderabad"," Rajiv Gandhi International Stadium","2017"
"591","7th Match","Mumbai Indians vs Kolkata Knight Riders","Mumbai Indians"," Mumbai"," Wankhede Stadium","2017"
"592","8th Match","Kings XI Punjab vs Royal Challengers Bangalore","Kings XI Punjab"," Indore"," Holkar Cricket Stadium","2017"
"593","9th Match","Rising Pune Supergiant vs Delhi Daredevils","Delhi Daredevils"," Pune"," Maharashtra Cricket Association Stadium","2017"
"594","10th Match","Mumbai Indians vs Sunrisers Hyderabad","Mumbai Indians"," Mumbai"," Wankhede Stadium","2017"
"595","11th Match","Kolkata Knight Riders vs Kings XI Punjab","Kolkata Knight Riders"," Kolkata"," Eden Gardens","2017"
"596","12th Match","Royal Challengers Bangalore vs Mumbai Indians","Mumbai Indians"," Bengaluru"," M.Chinnaswamy Stadium","2017"
"597","13th Match","Gujarat Lions vs Rising Pune Supergiant","Gujarat Lions"," Rajkot"," Saurashtra Cricket Association Stadium","2017"
"598","14th Match","Kolkata Knight Riders vs Sunrisers Hyderabad","Kolkata Knight Riders"," Kolkata"," Eden Gardens","2017"
"599","15th Match","Delhi Daredevils vs Kings XI Punjab","Delhi Daredevils"," Delhi"," Feroz Shah Kotla","2017"
"600","16th Match","Mumbai Indians vs Gujarat Lions","Mumbai Indians"," Mumbai"," Wankhede Stadium","2017"
"601","17th Match","Royal Challengers Bangalore vs Rising Pune Supergiant","Rising Pune Supergiant"," Bengaluru"," M.Chinnaswamy Stadium","2017"
"602","18th Match","Delhi Daredevils vs Kolkata Knight Riders","Kolkata Knight Riders"," Delhi"," Feroz Shah Kotla","2017"
"603","19th Match","Sunrisers Hyderabad vs Kings XI Punjab","Sunrisers Hyderabad"," Hyderabad"," Rajiv Gandhi International Stadium","2017"
"604","20th Match","Gujarat Lions vs Royal Challengers Bangalore","Royal Challengers Bangalore"," Rajkot"," Saurashtra Cricket Association Stadium","2017"
"605","21st Match","Sunrisers Hyderabad vs Delhi Daredevils","Sunrisers Hyderabad"," Hyderabad"," Rajiv Gandhi International Stadium","2017"
"606","22nd Match","Kings XI Punjab vs Mumbai Indians","Mumbai Indians"," Indore"," Holkar Cricket Stadium","2017"
"607","23rd Match","Kolkata Knight Riders vs Gujarat Lions","Gujarat Lions"," Kolkata"," Eden Gardens","2017"
"608","24th Match","Rising Pune Supergiant vs Sunrisers Hyderabad","Rising Pune Supergiant"," Pune"," Maharashtra Cricket Association Stadium","2017"
"609","25th Match","Mumbai Indians vs Delhi Daredevils","Mumbai Indians"," Mumbai"," Wankhede Stadium","2017"
"610","26th match","Gujarat Lions vs Kings XI Punjab","Kings XI Punjab"," Rajkot"," Saurashtra Cricket Association Stadium","2017"
"611","27th Match","Kolkata Knight Riders vs Royal Challengers Bangalore","Kolkata Knight Riders"," Kolkata"," Eden Gardens","2017"
"612","28th Match","Mumbai Indians vs Rising Pune Supergiant","Rising Pune Supergiant"," Mumbai"," Wankhede Stadium","2017"
"613","29th Match","Royal Challengers Bangalore vs Sunrisers Hyderabad","draw"," Bengaluru"," M.Chinnaswamy Stadium","2017"
"614","30th Match","Rising Pune Supergiant vs Kolkata Knight Riders","Kolkata Knight Riders"," Pune"," Maharashtra Cricket Association Stadium","2017"
"615","31st Match","Royal Challengers Bangalore vs Gujarat Lions","Gujarat Lions"," Bengaluru"," M.Chinnaswamy Stadium","2017"
"616","32nd Match","Kolkata Knight Riders vs Delhi Daredevils","Kolkata Knight Riders"," Kolkata"," Eden Gardens","2017"
"617","33rd Match","Kings XI Punjab vs Sunrisers Hyderabad","Sunrisers Hyderabad"," Mohali"," Punjab Cricket Association IS Bindra Stadium","2017"
"618","34th Match","Rising Pune Supergiant vs Royal Challengers Bangalore","Rising Pune Supergiant"," Pune"," Maharashtra Cricket Association Stadium","2017"
"619","35th Match","Gujarat Lions vs Mumbai Indians","Match tied (Mumbai Indians"," Rajkot"," Saurashtra Cricket Association Stadium","2017"
"620","36th Match","Kings XI Punjab vs Delhi Daredevils","Kings XI Punjab"," Mohali"," Punjab Cricket Association IS Bindra Stadium","2017"
"621","37th Match","Sunrisers Hyderabad vs Kolkata Knight Riders","Sunrisers Hyderabad"," Hyderabad"," Rajiv Gandhi International Stadium","2017"
"622","38th Match","Mumbai Indians vs Royal Challengers Bangalore","Mumbai Indians"," Mumbai"," Wankhede Stadium","2017"
"623","39th Match","Rising Pune Supergiant vs Gujarat Lions","Rising Pune Supergiant"," Pune"," Maharashtra Cricket Association Stadium","2017"
"624","40th Match","Delhi Daredevils vs Sunrisers Hyderabad","Delhi Daredevils"," Delhi"," Feroz Shah Kotla","2017"
"625","41st Match","Kolkata Knight Riders vs Rising Pune Supergiant","Rising Pune Supergiant"," Kolkata"," Eden Gardens","2017"
"626","42nd Match","Delhi Daredevils vs Gujarat Lions","Delhi Daredevils"," Delhi"," Feroz Shah Kotla","2017"
"627","43rd Match","Royal Challengers Bangalore vs Kings XI Punjab","Kings XI Punjab"," Bengaluru"," M.Chinnaswamy Stadium","2017"
"628","44th Match","Sunrisers Hyderabad vs Rising Pune Supergiant","Rising Pune Supergiant"," Hyderabad"," Rajiv Gandhi International Stadium","2017"
"629","45th Match","Delhi Daredevils vs Mumbai Indians","Mumbai Indians"," Delhi"," Feroz Shah Kotla","2017"
"630","46th Match","Royal Challengers Bangalore vs Kolkata Knight Riders","Kolkata Knight Riders"," Bengaluru"," M.Chinnaswamy Stadium","2017"
"631","47th Match","Kings XI Punjab vs Gujarat Lions","Gujarat Lions"," Mohali"," Punjab Cricket Association IS Bindra Stadium","2017"
"632","48th Match","Sunrisers Hyderabad vs Mumbai Indians","Sunrisers Hyderabad"," Hyderabad"," Rajiv Gandhi International Stadium","2017"
"633","49th Match","Kings XI Punjab vs Kolkata Knight Riders","Kings XI Punjab"," Mohali"," Punjab Cricket Association IS Bindra Stadium","2017"
"634","50th Match","Gujarat Lions vs Delhi Daredevils","Delhi Daredevils"," Kanpur"," Green Park","2017"
"635","51st Match","Mumbai Indians vs Kings XI Punjab","Kings XI Punjab"," Mumbai"," Wankhede Stadium","2017"
"636","52nd Match","Delhi Daredevils vs Rising Pune Supergiant","Delhi Daredevils"," Delhi"," Feroz Shah Kotla","2017"
"637","53rd Match","Gujarat Lions vs Sunrisers Hyderabad","Sunrisers Hyderabad"," Kanpur"," Green Park","2017"
"638","54th Match","Kolkata Knight Riders vs Mumbai Indians","Mumbai Indians"," Kolkata"," Eden Gardens","2017"
"639","55th Match","Rising Pune Supergiant vs Kings XI Punjab","Rising Pune Supergiant"," Pune"," Maharashtra Cricket Association Stadium","2017"
"640","56th Match","Delhi Daredevils vs Royal Challengers Bangalore","Royal Challengers Bangalore"," Delhi"," Feroz Shah Kotla","2017"
"641","Qualifier 1","Mumbai Indians vs Rising Pune Supergiant","Rising Pune Supergiant"," Mumbai"," Wankhede Stadium","2017"
"642","Eliminator","Sunrisers Hyderabad vs Kolkata Knight Riders","Kolkata Knight Riders"," Bengaluru"," M.Chinnaswamy Stadium","2017"
"643","Qualifier 2","Mumbai Indians vs Kolkata Knight Riders","Mumbai Indians"," Bengaluru"," M.Chinnaswamy Stadium","2017"
"644","Final","Rising Pune Supergiant vs Mumbai Indians","Mumbai Indians"," Hyderabad"," Rajiv Gandhi International Stadium","2017"
