name,country,teams,,,,,,,,,,,india/foreign
,,2008,2009,2010,2011,2012,2013,2014,2015,2016,2017,2018,
Abhinav Mukund,ÿIndia,CSK,CSK,CSK,CSK,CSK,RCB,X,X,X,X,X,1
Albie Morkel,ÿSouth Africa,CSK,CSK,CSK,CSK,CSK,CSK,RCB,DD,RPS,X,,0
Anirudha Srikkanth,ÿIndia,CSK,X,CSK,CSK,CSK,CSK,SRH,X,X,X,,1
Chamara Kapugedera,ÿSri Lanka,CSK,X,X,X,X,X,X,X,X,X,,0
Jacob Oram,ÿNew Zealand,CSK,CSK,CSK,RR,RR,MI,X,X,X,X,,0
Joginder Sharma,ÿIndia,CSK,CSK,CSK,CSK,CSK,X,X,X,X,X,,1
KB Arun Karthik,ÿIndia,CSK,CSK,CSK,RCB,RCB,RCB,X,X,X,X,,1
Lakshmipathy Balaji,ÿIndia,CSK,CSK,CSK,KKR,KKR,KKR,KXIP,X,X,X,,1
Mahendra Singh Dhoni,ÿIndia,CSK,CSK,CSK,CSK,CSK,CSK,CSK,CSK,RPS,RPS,CSK,1
Makhaya Ntini,ÿSouth Africa,CSK,CSK,CSK,X,X,X,X,X,X,X,,0
Manpreet Gony,ÿIndia,CSK,CSK,CSK,DC,DC,KXIP,X,X,X,GL,,1
Matthew Hayden,ÿAustralia,CSK,CSK,CSK,X,X,X,X,X,X,X,,0
Mike Hussey,ÿAustralia,CSK,CSK,CSK,CSK,CSK,CSK,MI,CSK,X,X,,0
Muttiah Muralitharan,ÿSri Lanka,CSK,CSK,CSK,KTK,RCB,RCB,RCB,X,X,X,,0
Napoleon Einstein,ÿIndia,CSK,CSK,X,X,X,X,X,X,X,X,,1
Palani Amarnath,ÿIndia,CSK,CSK,X,X,X,X,X,X,X,X,,1
Parthiv Patel,ÿIndia,CSK,CSK,CSK,KTK,DC,SRH,RCB,MI,MI,MI,RCB,1
Ravichandran Ashwin,ÿIndia,CSK,CSK,CSK,CSK,CSK,CSK,CSK,CSK,RPS,RPS,KXIP,1
Selvam Suresh Kumar,ÿIndia,CSK,CSK,X,X,X,X,X,X,X,X,,1
Shadab Jakati,ÿIndia,CSK,CSK,CSK,CSK,CSK,CSK,RCB,X,GL,GL,,1
Stephen Fleming,ÿNew Zealand,CSK,X,X,X,X,X,X,X,X,X,,0
Subramaniam Badrinath,ÿIndia,CSK,CSK,CSK,CSK,CSK,CSK,X,RCB,X,X,,1
Sudeep Tyagi,ÿIndia,CSK,CSK,CSK,CSK,CSK,SRH,X,X,X,X,,1
Suresh Raina,ÿIndia,CSK,CSK,CSK,CSK,CSK,CSK,CSK,CSK,GL,GL,CSK,1
Vidyut Sivaramakrishnan,ÿIndia,CSK,CSK,CSK,X,X,X,X,X,X,X,,1
Viraj Kadbe,ÿIndia,CSK,CSK,X,X,X,X,X,X,X,X,,1
Adam Gilchrist,ÿAustralia,DC,DC,DC,KXIP,KXIP,KXIP,X,X,X,X,,0
Andrew Symonds,ÿAustralia,DC,DC,DC,MI,X,X,X,X,X,X,,0
Arjun Yadav,ÿIndia,DC,DC,DC,DC,DC,X,X,X,X,X,,1
Chamara Silva,ÿSri Lanka,DC,DC,X,X,X,X,X,X,X,X,,0
Chaminda Vaas,ÿSri Lanka,DC,DC,DC,X,X,X,X,X,X,X,,0
Doddapaneni Kalyankrishna,ÿIndia,DC,DC,X,X,X,X,X,X,X,X,,1
Dwaraka Ravi Teja,ÿIndia,DC,DC,DC,DC,DC,SRH,X,X,X,X,,1
Halhadar Das,ÿIndia,DC,DC,X,X,X,X,X,X,X,X,,1
Herschelle Gibbs,ÿSouth Africa,DC,DC,DC,X,MI,X,X,X,X,X,,0
Mohnish Mishra,ÿIndia,DC,X,DC,PWI,PWI,PWI,X,X,X,X,,1
Nuwan Zoysa,ÿSri Lanka,DC,DC,X,X,X,X,X,X,X,X,,0
Paidikalva Vijaykumar,ÿIndia,DC,DC,X,X,X,X,X,X,X,X,,1
PM Sarvesh Kumar,ÿIndia,DC,DC,X,X,X,X,X,X,X,X,,1
Pragyan Ojha,ÿIndia,DC,DC,DC,DC,MI,MI,MI,MI,X,X,,1
R. P. Singh,ÿIndia,DC,DC,DC,KTK,MI,RCB,X,X,RPS,X,,1
Rohit Sharma,ÿIndia,DC,DC,DC,MI,MI,MI,MI,MI,MI,MI,MI,1
Sanjay Bangar,ÿIndia,DC,KKR,KKR,X,X,X,X,X,X,X,,1
Shahid Afridi,ÿPakistan,DC,X,X,X,X,X,X,X,X,X,,0
Scott Styris,ÿNew Zealand,DC,DC,DC,CSK,CSK,X,X,X,X,X,,0
V.V.S. Laxman,ÿIndia,DC,DC,DC,KTK,X,X,X,X,X,X,,1
Yalaka Venugopal Rao,ÿIndia,DC,DC,DC,DD,DD,DD,SRH,X,X,X,,1
AB de Villiers,ÿSouth Africa,DD,DD,DD,RCB,RCB,RCB,RCB,RCB,RCB,RCB,RCB,0
Amit Mishra,ÿIndia,DD,DD,DD,DC,DC,SRH,SRH,DD,DD,DD,DD,1
Brett Geeves,ÿAustralia,DD,X,X,X,X,X,X,X,X,X,,0
Daniel Vettori,ÿNew Zealand,DD,DD,DD,RCB,RCB,RCB,X,X,X,X,,0
Dinesh Karthik,ÿIndia,DD,DD,DD,KXIP,MI,MI,DD,RCB,GL,GL,KKR,1
Farveez Maharoof,ÿSri Lanka,DD,DD,DD,X,X,X,X,X,X,X,,0
Gautam Gambhir,ÿIndia,DD,DD,DD,KKR,KKR,KKR,KKR,KKR,KKR,KKR,DD,1
Glenn McGrath,ÿAustralia,DD,DD,X,X,X,X,X,X,X,X,,0
Manoj Tiwary,ÿIndia,DD,DD,KKR,KKR,KKR,KKR,DD,DD,X,RPS,KXIP,1
Mayank Tehlan,ÿIndia,DD,X,X,X,X,X,X,X,X,X,,1
Mithun Manhas,ÿIndia,DD,DD,DD,PWI,PWI,PWI,CSK,CSK,X,X,,1
Mohammad Asif,ÿPakistan,DD,X,X,X,X,X,X,X,X,X,,0
Pradeep Sangwan,ÿIndia,DD,DD,DD,KKR,KKR,KKR,X,X,GL,GL,,1
Rajat Bhatia,ÿIndia,DD,DD,DD,KKR,KKR,KKR,RR,RR,RPS,RPS,,1
Shikhar Dhawan,ÿIndia,DD,MI,MI,DC,DC,SRH,SRH,SRH,SRH,SRH,SRH,1
Shoaib Malik,ÿPakistan,DD,X,X,X,X,X,X,X,X,X,,0
Sumit Narwal,ÿIndia,DD,DD,DD,RR,RR,KKR,X,KKR,X,X,,1
Tejashwi Yadav,ÿIndia,DD,DD,X,DD,DD,X,X,X,X,X,,1
Tillakaratne Dilshan,ÿSri Lanka,DD,DD,DD,RCB,RCB,RCB,X,X,X,X,,0
Virender Sehwag,ÿIndia,DD,DD,DD,DD,DD,DD,KXIP,KXIP,X,X,,1
Yogesh Nagar,ÿIndia,DD,DD,DD,DD,DD,DD,X,X,X,X,,1
Yo Mahesh,ÿIndia,DD,DD,DD,CSK,CSK,X,X,X,X,X,,1
Aakash Chopra,ÿIndia,KKR,KKR,X,RR,RR,X,X,X,X,X,,1
Ajantha Mendis,ÿSri Lanka,KKR,KKR,KKR,X,X,PWI,X,X,X,X,,0
Ajit Agarkar,ÿIndia,KKR,KKR,KKR,DD,DD,DD,X,X,X,X,,1
Ashok Dinda,ÿIndia,KKR,KKR,KKR,DD,PWI,PWI,RCB,RCB,RPS,RPS,,1
Brad Hodge,ÿAustralia,KKR,KKR,KKR,KTK,RR,RR,RR,X,X,X,,0
Brendon McCullum,ÿNew Zealand,KKR,KKR,KKR,KTK,KKR,KKR,CSK,CSK,GL,GL,RCB,0
Cheteshwar Pujara,ÿIndia,KKR,KKR,KKR,RCB,RCB,RCB,KXIP,X,X,X,,1
Chris Gayle,ÿJamaica,KKR,KKR,KKR,RCB,RCB,RCB,RCB,RCB,RCB,RCB,KXIP,0
David Hussey,ÿAustralia,KKR,KKR,KKR,KXIP,KXIP,KXIP,CSK,X,X,X,,0
Debabrata Das,ÿIndia,KKR,X,X,X,KKR,KKR,KKR,X,X,X,,1
Iqbal Abdulla,ÿIndia,KKR,KKR,KKR,KKR,KKR,KKR,RR,RCB,RCB,RCB,,1
Ishant Sharma,ÿIndia,KKR,KKR,KKR,DC,DC,SRH,SRH,SRH,RPS,KXIP,,1
Laxmi Ratan Shukla,ÿIndia,KKR,KKR,KKR,KKR,KKR,KKR,DD,SRH,X,X,,1
Mashrafe Mortaza,ÿBangladesh,KKR,KKR,KKR,PWI,PWI,KKR,KXIP,X,X,X,,0
Mohammad Hafeez,ÿPakistan,KKR,X,X,X,X,X,X,X,X,X,,0
Murali Kartik,ÿIndia,KKR,KKR,KKR,PWI,PWI,RCB,KXIP,X,X,X,,1
Ranadeb Bose,ÿIndia,KKR,KXIP,X,X,X,X,X,X,X,X,,1
Ricky Ponting,ÿAustralia,KKR,KKR,X,X,X,MI,X,X,X,X,,0
Rohan Banerjee,ÿIndia,KKR,KKR,X,X,X,X,X,X,X,X,,1
Salman Butt,ÿPakistan,KKR,X,X,X,X,X,X,X,X,X,,0
Saurasish Lahiri,ÿIndia,KKR,X,X,X,X,X,X,X,X,X,,1
Shoaib Akhtar,ÿPakistan,KKR,X,X,X,X,X,X,X,X,X,,0
Siddarth Kaul,ÿIndia,KKR,KKR,X,X,X,DD,DD,SRH,SRH,SRH,,1
Sourav Ganguly,ÿIndia,KKR,KKR,KKR,PWI,PWI,X,X,X,X,X,,1
Tatenda Taibu,ÿZimbabwe,KKR,X,X,X,X,X,X,X,X,X,,0
Umar Gul,ÿPakistan,KKR,X,X,X,X,X,X,X,X,X,,0
Wriddhiman Saha,ÿIndia,KKR,KKR,KKR,CSK,CSK,CSK,KXIP,KXIP,KXIP,KXIP,SRH,1
Yashpal Singh,ÿIndia,KKR,KKR,X,KTK,X,X,X,X,X,X,,1
Ajitesh Argal,ÿIndia,KXIP,KXIP,X,X,X,X,X,X,X,X,,1
Azhar Mehmood,ÿEngland,KXIP,KXIP,KXIP,KXIP,KXIP,KXIP,X,KKR,X,X,,0
Brett Lee,ÿAustralia,KXIP,KXIP,KXIP,KKR,KKR,KKR,X,X,X,X,,0
Fidel Edwards,ÿBarbados,KXIP,DC,DC,PWI,PWI,RR,X,X,X,X,,0
Gagandeep Singh,ÿIndia,KXIP,X,X,X,X,X,X,X,X,X,,1
Irfan Pathan,ÿIndia,KXIP,KXIP,KXIP,DD,DD,DD,SRH,CSK,RPS,GL,,1
James Hopes,ÿAustralia,KXIP,KXIP,KXIP,DD,PWI,X,X,X,X,X,,0
Karan Goel,ÿIndia,KXIP,KXIP,KXIP,X,X,X,X,X,X,X,,1
Kumar Sangakkara,ÿSri Lanka,KXIP,KXIP,KXIP,DC,DC,SRH,X,X,X,X,,0
Kyle Mills,ÿNew Zealand,KXIP,MI,MI,X,X,X,X,X,X,X,,0
Luke Pomersbach,ÿAustralia,KXIP,KXIP,KXIP,RCB,RCB,KXIP,X,X,X,X,,0
Mahela Jayawardene,ÿSri Lanka,KXIP,KXIP,KXIP,KTK,DD,DD,X,X,X,X,,0
Nitin Saini,ÿIndia,KXIP,X,X,KXIP,KXIP,KXIP,X,X,X,X,,1
Pankaj Dharmani,ÿIndia,KXIP,X,X,X,X,X,X,X,X,X,,1
Piyush Chawla,ÿIndia,KXIP,KXIP,KXIP,KXIP,KXIP,KXIP,KKR,KKR,KKR,KKR,KKR,1
Ramesh Powar,ÿIndia,KXIP,KXIP,KXIP,KTK,KXIP,KXIP,X,X,X,X,,1
Ramnaresh Sarwan,ÿGuyana,KXIP,X,X,X,X,X,X,X,X,X,,0
Rishi Dhawan,ÿIndia,KXIP,X,X,X,X,MI,KXIP,KXIP,KXIP,KKR,,1
Sahil Kukreja,ÿIndia,KXIP,KXIP,X,X,X,X,X,X,X,X,,1
Shaun Marsh,ÿAustralia,KXIP,KXIP,KXIP,KXIP,KXIP,KXIP,KXIP,KXIP,KXIP,KXIP,,0
Simon Katich,ÿAustralia,KXIP,KXIP,KXIP,X,X,X,X,X,X,X,,0
Sreesanth,ÿIndia,KXIP,KXIP,KXIP,KTK,RR,RR,X,X,X,X,,1
Sunny Sohal,ÿIndia,KXIP,KXIP,X,DC,DC,RCB,X,X,X,X,,1
Tanmay Srivastava,ÿIndia,KXIP,KXIP,KXIP,KTK,DC,X,X,X,X,X,,1
Uday Kaul,ÿIndia,KXIP,KXIP,X,X,X,X,X,X,X,X,,1
V. R. V. Singh,ÿIndia,KXIP,KXIP,KXIP,X,X,X,X,X,X,X,,1
Wilkin Mota,ÿIndia,KXIP,KXIP,X,X,X,X,X,X,X,X,,1
Yuvraj Singh,ÿIndia,KXIP,KXIP,KXIP,PWI,PWI,PWI,RCB,DD,SRH,SRH,KXIP,1
Abhishek Nayar,ÿIndia,MI,MI,MI,KXIP,KXIP,PWI,RR,X,X,X,,1
Ajinkya Rahane,ÿIndia,MI,MI,MI,RR,RR,RR,RR,RR,RPS,RPS,RR,1
Andr‚ Nel,ÿSouth Africa,MI,X,X,X,X,X,X,X,X,X,,0
Ankeet Chavan,ÿIndia,MI,X,X,RR,RR,RR,X,X,X,X,,1
Ashwell Prince,ÿSouth Africa,MI,X,X,X,X,X,X,X,X,X,,0
Ashish Nehra,ÿIndia,MI,DD,DD,PWI,PWI,DD,CSK,CSK,SRH,SRH,,1
Dhawal Kulkarni,ÿIndia,MI,MI,MI,MI,MI,MI,RR,RR,GL,GL,RR,1
Dilhara Fernando,ÿSri Lanka,MI,MI,MI,MI,X,X,X,X,X,X,,0
Dominic Thornley,ÿAustralia,MI,X,X,X,X,X,X,X,X,X,,0
Dwayne Bravo,ÿTrinidad and Tobago,MI,MI,MI,CSK,CSK,CSK,CSK,CSK,GL,GL,CSK,0
Dwayne Smith,ÿBarbados,MI,DC,DC,X,MI,MI,CSK,CSK,GL,GL,,0
Gaurav Dhiman,ÿIndia,MI,RCB,X,X,X,X,X,X,X,X,,1
Harbhajan Singh,ÿIndia,MI,MI,MI,MI,MI,MI,MI,MI,MI,MI,CSK,1
Lasith Malinga,ÿSri Lanka,MI,MI,MI,MI,MI,MI,MI,MI,MI,MI,,0
Loots Bosman,ÿSouth Africa,MI,X,X,X,X,X,X,X,X,X,,0
Luke Ronchi,ÿNew Zealand,MI,MI,X,X,X,X,X,X,X,X,,0
Manish Pandey,ÿIndia,MI,RCB,RCB,PWI,PWI,PWI,KKR,KKR,KKR,KKR,SRH,1
Mohammad Ashraful,ÿBangladesh,MI,MI,X,X,X,X,X,X,X,X,,0
Musavir Khote,ÿIndia,MI,X,X,X,X,X,X,X,X,X,,1
Pinal Shah,ÿIndia,MI,MI,MI,RR,RR,X,X,X,X,X,,1
Rajesh Pawar,ÿIndia,MI,X,X,DC,X,X,X,X,X,X,,1
Robin Uthappa,ÿIndia,MI,RCB,RCB,PWI,PWI,PWI,KKR,KKR,KKR,KKR,KKR,1
Rohan Raje,ÿIndia,MI,MI,X,X,X,X,X,X,X,X,,1
Sachin Tendulkar,ÿIndia,MI,MI,MI,MI,MI,MI,X,X,X,X,,1
Sanath Jayasuriya,ÿSri Lanka,MI,MI,MI,X,X,X,X,X,X,X,,0
Saurabh Tiwary,ÿIndia,MI,MI,MI,RCB,RCB,RCB,DD,DD,RPS,MI,,1
Shaun Pollock,ÿSouth Africa,MI,X,X,X,X,X,X,X,X,X,,0
Siddharth Chitnis,ÿIndia,MI,RR,X,KXIP,KXIP,KXIP,X,X,X,X,,1
Swapnil Singh,ÿIndia,MI,X,X,X,X,X,X,X,KXIP,KXIP,,1
Vikrant Yeligati,ÿIndia,MI,X,X,X,X,X,X,X,X,X,,1
Yogesh Takawale,ÿIndia,MI,MI,X,X,MI,X,RCB,RCB,X,X,,1
Abdur Razzak,ÿBangladesh,RCB,X,X,X,X,X,X,X,X,X,,0
Anil Kumble,ÿIndia,RCB,RCB,RCB,X,X,X,X,X,X,X,,1
Ashley Noffke,ÿAustralia,RCB,X,X,X,X,X,X,X,X,X,,0
Balachandra Akhil,ÿIndia,RCB,RCB,RCB,KTK,X,X,X,X,X,X,,1
Bharat Chipli,ÿIndia,RCB,RCB,X,DC,DC,DD,X,X,X,X,,1
Cameron White,ÿAustralia,RCB,RCB,RCB,DC,DC,SRH,X,X,X,X,,0
Dale Steyn,ÿSouth Africa,RCB,RCB,RCB,DC,DC,SRH,SRH,SRH,GL,X,,0
Devraj Patil,ÿIndia,RCB,RCB,X,X,X,X,X,X,X,X,,1
Jacques Kallis,ÿSouth Africa,RCB,RCB,RCB,KKR,KKR,KKR,KKR,X,X,X,,0
Jagadeesh Arunkumar,ÿIndia,RCB,RCB,X,X,X,X,X,X,X,X,,1
KP Appanna,ÿIndia,RCB,RCB,RCB,X,RCB,RCB,X,X,X,X,,1
Mark Boucher,ÿSouth Africa,RCB,RCB,RCB,KKR,X,X,X,X,X,X,,0
Misbah-ul-Haq,ÿPakistan,RCB,X,X,X,X,X,X,X,X,X,,0
Nathan Bracken,ÿAustralia,RCB,RCB,X,X,X,X,X,X,X,X,,0
Neravanda Aiyappa,ÿIndia,RCB,X,X,X,X,X,X,X,X,X,,1
Praveen Kumar,ÿindia,RCB,RCB,RCB,KXIP,KXIP,KXIP,MI,SRH,GL,GL,,1
Rahul Dravid,ÿIndia,RCB,RCB,RCB,RR,RR,RR,X,X,X,X,,1
Ross Taylor,ÿNew Zealand,RCB,RCB,RCB,RR,DD,PWI,DD,X,X,X,,0
Shivnarine Chanderpaul,ÿGuyana,RCB,X,X,X,X,X,X,X,X,X,,0
Shreevats Goswami,ÿIndia,RCB,RCB,RCB,KKR,RR,RR,X,X,X,X,,1
Sunil Joshi,ÿIndia,RCB,RCB,X,X,X,X,X,X,X,X,,1
Vinay Kumar,ÿIndia,RCB,RCB,RCB,KTK,RCB,RCB,KKR,MI,MI,MI,KKR,1
Virat Kohli,ÿIndia,RCB,RCB,RCB,RCB,RCB,RCB,RCB,RCB,RCB,RCB,RCB,1
Wasim Jaffer,ÿIndia,RCB,RCB,X,X,X,X,X,X,X,X,,1
Zaheer Khan,ÿIndia,RCB,MI,MI,RCB,RCB,RCB,MI,DD,DD,DD,,1
Abhishek Raut,ÿIndia,RR,RR,RR,RR,RR,RR,X,X,X,X,,1
Aditya Angle,ÿIndia,RR,RR,X,X,X,X,X,X,X,X,,1
Anup Revandkar,ÿIndia,RR,RR,X,X,X,X,X,X,X,X,,1
Darren Lehmann,ÿAustralia,RR,X,X,X,X,X,X,X,X,X,,0
Dimitri Mascarenhas,ÿEngland,RR,RR,RR,KXIP,KXIP,KXIP,X,X,X,X,,0
Dinesh Salunkhe,ÿIndia,RR,RR,X,RR,X,X,X,RR,X,X,,1
Faiz Fazal,ÿIndia,RR,RR,RR,RR,RR,X,X,X,X,X,,1
Graeme Smith,ÿSouth Africa,RR,RR,RR,PWI,PWI,X,X,X,X,X,,0
Jaydev Shah,ÿIndia,RR,MI,X,DC,MI,X,X,X,GL,GL,,1
Justin Langer,ÿAustralia,RR,RR,X,X,X,X,X,X,X,X,,0
Kamran Akmal,ÿPakistan,RR,X,X,X,X,X,X,X,X,X,,0
Mahesh Rawat,ÿIndia,RR,RR,X,X,X,PWI,X,X,X,X,,1
Mohammad Kaif,ÿIndia,RR,RR,KXIP,RCB,RCB,X,X,X,X,X,,1
Morne Morkel,ÿSouth Africa,RR,RR,RR,DD,DD,DD,KKR,KKR,KKR,X,,0
Munaf Patel,ÿIndia,RR,RR,RR,MI,MI,MI,X,X,X,GL,,1
Niraj Patel,ÿIndia,RR,RR,X,X,X,X,X,X,X,X,,1
Pankaj Singh,ÿIndia,RR,RCB,RCB,RR,RR,RCB,X,X,X,X,,1
Parag More,ÿIndia,RR,RR,X,X,X,X,X,X,X,X,,1
Ravindra Jadeja,ÿIndia,RR,RR,X,KTK,CSK,CSK,CSK,CSK,GL,GL,CSK,1
Shane Warne,ÿAustralia,RR,RR,RR,RR,X,X,X,X,X,X,,0
Shane Watson,ÿAustralia,RR,RR,RR,RR,RR,RR,RR,RR,RCB,RCB,CSK,0
Siddharth Trivedi,ÿIndia,RR,RR,RR,RR,RR,RR,X,X,X,X,,1
Sohail Tanvir,ÿPakistan,RR,X,X,X,X,X,X,X,X,X,,0
Sumit Khatri,ÿIndia,RR,X,X,X,X,X,X,X,X,X,,1
Swapnil Asnodkar,ÿIndia,RR,RR,RR,RR,X,X,X,X,X,X,,1
Taruwar Kohli,ÿIndia,RR,X,X,X,X,X,X,X,X,X,,1
Younis Khan,ÿPakistan,RR,X,X,X,X,X,X,X,X,X,,0
Yusuf Pathan,ÿIndia,RR,RR,RR,KKR,KKR,KKR,KKR,KKR,KKR,KKR,SRH,1
Andrew Flintoff,ÿEngland,X,CSK,X,X,X,X,X,X,X,X,,0
George Bailey,ÿAustralia,X,CSK,CSK,CSK,CSK,X,KXIP,KXIP,RPS,X,,0
Murali Vijay,ÿIndia,X,CSK,CSK,CSK,CSK,CSK,DD,KXIP,KXIP,KXIP,CSK,1
Thilan Thushara,ÿSri Lanka,X,CSK,CSK,X,X,X,X,X,X,X,,0
Abhinav Kumar,ÿIndia,X,DC,X,X,X,X,X,X,X,X,,1
Azhar Bilakhia,ÿIndia,X,DC,DC,X,X,X,X,X,X,X,,1
Harmeet Singh,ÿIndia,X,DC,DC,DC,KXIP,RR,KXIP,X,X,X,,1
Jaskaran Singh,ÿIndia,X,DC,X,X,X,X,X,X,RPS,RPS,,1
Kemar Roach,ÿBarbados,X,DC,DC,X,X,X,X,X,X,X,,0
Manvinder Bisla,ÿIndia,X,DC,KXIP,KKR,KKR,KKR,KKR,RCB,X,X,,1
Mitchell Marsh,ÿAustralia,X,DC,DC,PWI,PWI,PWI,X,X,RPS,RPS,,0
Rahul Sharma,ÿIndia,X,DC,DC,PWI,PWI,PWI,DD,CSK,X,X,,1
Ryan Harris,ÿAustralia,X,DC,DC,KXIP,KXIP,KXIP,X,X,X,X,,0
Shoaib Ahmed,ÿIndia,X,DC,X,X,X,X,X,X,X,X,,1
Tirumalasetti Suman,ÿIndia,X,DC,DC,MI,MI,PWI,X,X,SRH,X,,1
Aavishkar Salvi,ÿIndia,X,DD,DD,DD,DD,DD,X,X,X,X,,1
Andrew McDonald,ÿAustralia,X,DD,DD,DD,RCB,RCB,X,X,X,X,,0
David Warner,ÿAustralia,X,DD,DD,DD,DD,DD,SRH,SRH,SRH,SRH,,0
Dirk Nannes,ÿAustralia,X,DD,DD,RCB,RCB,CSK,X,X,X,X,,0
Owais Shah,ÿEngland,X,DD,KKR,KTK,RR,RR,X,X,X,X,,0
Paul Collingwood,ÿEngland,X,DD,DD,RR,RR,X,X,X,X,X,,0
Umesh Yadav,ÿIndia,X,DD,DD,DD,DD,DD,KKR,KKR,KKR,KKR,RCB,1
Wayne Parnell,ÿSouth Africa,X,DD,DD,PWI,PWI,PWI,DD,X,X,X,,0
Angelo Mathews,ÿSri Lanka,X,KKR,KKR,PWI,PWI,PWI,X,DD,X,DD,,0
Anureet Singh,ÿIndia,X,KKR,X,X,X,X,KXIP,KXIP,KXIP,KXIP,,1
Arindam Ghosh,ÿIndia,X,KKR,X,X,X,X,X,X,X,X,,1
Charl Langeveldt,ÿSouth Africa,X,KKR,KKR,RCB,RCB,X,X,X,X,X,,0
Moises Henriques,ÿAustralia,X,KKR,DD,MI,X,RCB,SRH,SRH,SRH,SRH,,0
Morn‚ van Wyk,ÿSouth Africa,X,KKR,X,X,X,X,X,X,X,X,,0
Sachin Rana,ÿIndia,X,KKR,X,PWI,PWI,SRH,RCB,X,X,X,,1
Shoaib Shaikh,ÿIndia,X,KKR,X,X,X,X,X,X,X,X,,1
Amanpreet Singh,ÿIndia,X,KXIP,KXIP,X,X,X,X,X,X,X,,1
Burt Cockley,ÿAustralia,X,KXIP,X,X,X,X,X,X,X,X,,0
Jerome Taylor,ÿJamaica,X,KXIP,X,PWI,X,X,X,X,MI,X,,0
Ravi Bopara,ÿEngland,X,KXIP,KXIP,X,X,X,X,SRH,X,X,,0
Ravikant Shukla,ÿIndia,X,KXIP,X,X,X,X,X,X,X,X,,1
Rusty Theron,ÿSouth Africa,X,KXIP,KXIP,DC,DC,X,X,RR,X,X,,0
Ryan Ninan,ÿIndia,X,KXIP,X,RCB,RCB,X,X,X,X,X,,1
Vikramjeet Malik,ÿIndia,X,KXIP,KXIP,KXIP,KXIP,RR,RR,RR,RCB,X,,1
Yusuf Abdulla,ÿSouth Africa,X,KXIP,KXIP,X,X,X,X,X,X,X,,0
Abu Nechim Ahmed,ÿIndia,X,MI,MI,MI,MI,MI,RCB,RCB,RCB,RCB,,1
Chentanya Nanda,ÿIndia,X,MI,X,X,X,X,X,X,X,X,,1
Graham Napier,ÿEngland,X,MI,MI,X,X,X,X,X,X,X,,0
JP Duminy,ÿSouth Africa,X,MI,MI,DC,DC,SRH,DD,DD,DD,DD,,0
Rahil Shaikh,ÿIndia,X,MI,X,X,X,X,X,X,X,X,,1
Ryan McLaren,ÿSouth Africa,X,MI,MI,KXIP,X,KKR,X,X,X,X,,0
Abhimanyu Mithun,ÿIndia,X,RCB,RCB,RCB,RCB,RCB,X,MI,SRH,SRH,,1
Bhuvneshwar Kumar,ÿIndia,X,RCB,RCB,PWI,PWI,PWI,SRH,SRH,SRH,SRH,SRH,1
CM Gautam,ÿIndia,X,RCB,RCB,RCB,RCB,DD,MI,DD,X,X,,1
Dillon du Preez,ÿSouth Africa,X,RCB,RCB,X,X,X,X,X,X,X,,0
Eoin Morgan,ÿEngland,X,RCB,RCB,KKR,KKR,KKR,X,SRH,SRH,KXIP,,0
Ishank Jaggi,ÿIndia,X,RCB,X,DC,DC,X,X,X,X,KKR,,1
Jesse Ryder,ÿNew Zealand,X,RCB,RCB,PWI,PWI,DD,X,X,X,X,,0
Jitendra Patil,ÿIndia,X,RCB,X,X,X,X,X,X,X,X,,1
Karn Sharma,ÿIndia,X,RCB,X,X,X,SRH,SRH,SRH,SRH,MI,CSK,1
Kedar Jadhav,ÿIndia,X,RCB,DD,KTK,DD,DD,DD,DD,RCB,RCB,CSK,1
Kevin Pietersen,ÿEngland,X,RCB,RCB,DC,DD,DD,DD,SRH,RPS,X,,0
Rajesh Bishnoi,ÿIndia,X,RCB,X,X,X,X,X,X,X,X,,1
Raju Bhatkal,ÿIndia,X,RCB,X,RCB,RCB,X,X,X,X,X,,1
Rangaraj Suthesh,ÿIndia,X,RCB,X,X,X,X,X,X,X,X,,1
RK Sabharwal,ÿIndia,X,RCB,X,X,X,X,X,X,X,X,,1
Roelof van der Merwe,ÿSouth Africa,X,RCB,RCB,DD,DD,DD,X,X,X,X,,0
Saurabh Bandekar,ÿIndia,X,RCB,X,X,X,X,X,X,X,X,,1
Sreenath Aravind,ÿIndia,X,RCB,X,RCB,RCB,RCB,X,RCB,RCB,RCB,,1
Tinu Yohannan,ÿIndia,X,RCB,X,X,X,X,X,X,X,X,,1
Udit Patel,ÿIndia,X,RCB,X,X,X,X,X,X,X,X,,1
Abdulahad Malek,ÿIndia,X,RR,X,X,X,X,X,X,X,X,,1
Aditya Dole,ÿIndia,X,RR,RR,RR,RR,RR,X,X,X,X,,1
Amit Singh,ÿIndia,X,RR,RR,RR,RR,RR,X,X,X,X,,1
Ashraf Makda,ÿIndia,X,RR,X,X,X,X,X,X,X,X,,1
Atul Sharma,ÿIndia,X,RR,X,X,X,X,X,X,X,X,,1
Gajendra Singh,ÿIndia,X,RR,X,X,X,X,X,X,X,X,,1
Johan Botha,ÿSouth Africa,X,RR,RR,RR,RR,DD,KKR,X,X,X,,0
Kamran Khan,ÿIndia,X,RR,RR,PWI,PWI,X,X,X,X,X,,1
Lee Carseldine,ÿAustralia,X,RR,X,X,X,X,X,X,X,X,,0
Mohammed Arif,ÿIndia,X,RR,X,X,X,X,X,X,X,X,,1
Naman Ojha,ÿIndia,X,RR,RR,DD,DD,DD,SRH,SRH,SRH,SRH,DD,1
Paras Dogra,ÿIndia,X,RR,X,KXIP,KXIP,X,X,X,GL,X,,1
Paul Valthaty,ÿIndia,X,RR,X,KXIP,KXIP,KXIP,X,X,X,X,,1
Pushkaraj Chavan,ÿIndia,X,RR,X,X,X,X,X,X,X,X,,1
Raiphi Gomez,ÿIndia,X,RR,RR,KTK,PWI,PWI,X,X,X,X,,1
Rob Quiney,ÿAustralia,X,RR,X,X,X,X,X,X,X,X,,0
Shaun Tait,ÿAustralia,X,RR,RR,RR,RR,RR,X,X,KKR,X,,0
Shrideep Mangela,ÿIndia,X,RR,X,X,X,X,X,X,X,X,,1
Tyron Henderson,ÿSouth Africa,X,RR,X,X,X,X,X,X,X,X,,0
Chandrasekar Ganapathy,ÿIndia,X,X,CSK,X,X,X,X,X,X,X,,1
Doug Bollinger,ÿAustralia,X,X,CSK,CSK,CSK,X,X,X,X,X,,0
Hemang Badani,ÿIndia,X,X,CSK,X,X,X,X,X,X,X,,1
Justin Kemp,ÿSouth Africa,X,X,CSK,X,X,X,X,X,X,X,,0
Thisara Perera,ÿSri Lanka,X,X,CSK,KTK,MI,SRH,KXIP,KXIP,RPS,X,,0
Anirudh Singh,ÿIndia,X,X,DC,X,X,X,X,X,X,X,,1
Ashish Reddy,ÿIndia,X,X,DC,DC,DC,SRH,SRH,SRH,SRH,X,,1
Bodapati Sumanth,ÿIndia,X,X,DC,X,X,X,X,X,X,X,,1
Joginder Singh,ÿIndia,X,X,DD,X,X,X,X,X,X,X,,1
Sarabjit Ladda,ÿIndia,X,X,DD,KKR,KKR,KKR,X,X,GL,X,,1
Sarandeep Singh,ÿIndia,X,X,DD,X,X,X,X,X,X,X,,1
Shashi Ranjan,ÿIndia,X,X,DD,X,X,X,X,X,X,X,,1
Chirag Pathak,ÿIndia,X,X,KKR,X,X,X,X,X,X,X,,1
Eklak Ahmid,ÿIndia,X,X,KKR,X,X,X,X,X,X,X,,1
Ganapathi Vignesh,ÿIndia,X,X,KKR,CSK,CSK,X,X,X,X,X,,1
Harshad Khadiwale,ÿIndia,X,X,KKR,PWI,PWI,X,X,X,X,X,,1
Jaydev Unadkat,ÿIndia,X,X,KKR,KKR,KKR,RCB,DD,DD,KKR,RPS,RR,1
Mandeep Singh,ÿIndia,X,X,KKR,KXIP,KXIP,KXIP,KXIP,RCB,RCB,RCB,RCB,1
Rohan Gavaskar,ÿIndia,X,X,KKR,X,X,X,X,X,X,X,,1
Shane Bond,ÿNew Zealand,X,X,KKR,X,X,X,X,X,X,X,,0
Varun Aaron,ÿIndia,X,X,KKR,DD,DD,DD,RCB,RCB,RCB,KXIP,,1
Adrian Barath,ÿTrinidad and Tobago,X,X,KXIP,X,X,X,X,X,X,X,,0
Bipul Sharma,ÿIndia,X,X,KXIP,KXIP,KXIP,KXIP,X,SRH,SRH,SRH,,1
Love Ablish,ÿIndia,X,X,KXIP,KXIP,KXIP,X,X,X,X,X,,1
Reetinder Singh Sodhi,ÿIndia,X,X,KXIP,X,X,X,X,X,X,X,,1
Shalabh Srivastava,ÿIndia,X,X,KXIP,KXIP,KXIP,X,X,X,X,X,,1
Aditya Tare,ÿIndia,X,X,MI,MI,MI,MI,MI,MI,SRH,DD,,1
Ali Murtaza,ÿIndia,X,X,MI,MI,PWI,PWI,X,X,X,X,,1
Ambati Rayudu,ÿIndia,X,X,MI,MI,MI,MI,MI,MI,MI,MI,CSK,1
Chandan Madan,ÿIndia,X,X,MI,KTK,X,X,X,X,X,X,,1
Ishan Malhotra,ÿIndia,X,X,MI,DC,X,X,X,X,X,X,,1
Kieron Pollard,ÿTrinidad and Tobago,X,X,MI,MI,MI,MI,MI,MI,MI,MI,MI,0
Rahul Shukla,ÿIndia,X,X,MI,MI,MI,RR,DD,X,X,X,,1
Rajagopal Sathish,ÿIndia,X,X,MI,MI,KXIP,KXIP,X,X,KKR,X,,1
Stuart Binny,ÿIndia,X,X,MI,RR,RR,RR,RR,RR,RCB,RCB,RR,1
Syed Shahabuddin,ÿIndia,X,X,MI,X,X,X,X,X,X,X,,1
Sridharan Sriram,ÿIndia,X,X,RCB,DD,X,X,X,X,X,X,,1
Steve Smith,ÿAustralia,X,X,RCB,KTK,PWI,PWI,RR,RR,RPS,RPS,RR,0
Aaron Finch,ÿAustralia,X,X,RR,DD,DD,PWI,SRH,MI,GL,GL,KXIP,0
Abhishek Jhunjhunwala,ÿIndia,X,X,RR,PWI,DC,X,X,X,X,X,,1
Adam Voges,ÿAustralia,X,X,RR,X,X,X,X,X,X,X,,0
Amit Paunikar,ÿIndia,X,X,RR,RR,RR,X,SRH,X,X,X,,1
Amit Uniyal,ÿIndia,X,X,RR,X,X,X,X,X,X,X,,1
Damien Martyn,ÿAustralia,X,X,RR,X,X,X,X,X,X,X,,0
Michael Lumb,ÿEngland,X,X,RR,DC,DC,X,X,X,X,X,,0
Shrikant Wagh,ÿIndia,X,X,RR,PWI,PWI,PWI,X,X,X,X,,1
Syed Quadri,ÿIndia,X,X,RR,X,DC,X,X,X,X,X,,1
Ben Hilfenhaus,ÿAustralia,X,X,X,CSK,CSK,CSK,CSK,MI,X,DD,,0
Francois du Plessis,ÿSouth Africa,X,X,X,CSK,CSK,CSK,CSK,CSK,RPS,RPS,CSK,0
Kuthethurshri Vasudevadas,ÿIndia,X,X,X,CSK,CSK,X,X,X,X,X,,1
Nuwan Kulasekara,ÿSri Lanka,X,X,X,CSK,CSK,CSK,X,X,X,X,,0
Suraj Randiv,ÿSri Lanka,X,X,X,CSK,CSK,X,X,X,X,X,,0
Tim Southee,ÿNew Zealand,X,X,X,CSK,X,X,RR,RR,MI,MI,,0
Akash Bhandari,ÿIndia,X,X,X,DC,DC,X,X,X,X,X,,1
Anand Rajan,ÿIndia,X,X,X,DC,DC,SRH,X,X,X,X,,1
Ankit Sharma,ÿIndia,X,X,X,DC,DC,SRH,RR,RR,RPS,RPS,,1
Chris Lynn,ÿAustralia,X,X,X,DC,DC,SRH,KKR,KKR,KKR,KKR,KKR,0
Daniel Christian,ÿAustralia,X,X,X,DC,DC,RCB,X,X,X,RPS,DD,0
Kedar Devdhar,ÿIndia,X,X,X,DC,DC,X,X,X,X,X,,1
Ajit Chandila,ÿIndia,X,X,X,DD,RR,RR,X,X,X,X,,1
Colin Ingram,ÿSouth Africa,X,X,X,DD,DD,X,X,X,X,X,,0
Matthew Wade,ÿAustralia,X,X,X,DD,X,X,X,X,X,X,,0
Prashant Naik,ÿIndia,X,X,X,DD,DD,X,X,X,X,X,,1
Robbie Frylinck,ÿSouth Africa,X,X,X,DD,X,X,X,X,X,X,,0
Robin Bist,ÿIndia,X,X,X,DD,DD,DD,X,X,X,X,,1
Shahbaz Nadeem,ÿIndia,X,X,X,DD,DD,DD,DD,DD,DD,DD,DD,1
Travis Birt,ÿAustralia,X,X,X,DD,DD,X,X,X,X,X,,0
Unmukt Chand,ÿIndia,X,X,X,DD,DD,DD,RR,MI,MI,X,,1
Vikas Mishra,ÿIndia,X,X,X,DD,DD,X,X,X,X,X,,1
Vivek Yadav,ÿIndia,X,X,X,DD,X,X,X,X,X,X,,1
Brad Haddin,ÿAustralia,X,X,X,KKR,KKR,KKR,X,X,X,X,,0
James Pattinson,ÿAustralia,X,X,X,KKR,KKR,KKR,X,X,X,X,,0
Mohammed Shami,ÿIndia,X,X,X,KKR,KKR,KKR,DD,DD,DD,DD,DD,1
Ryan ten Doeschate,ÿNetherlands,X,X,X,KKR,KKR,KKR,KKR,KKR,X,X,,0
Shakib Al Hasan,ÿBangladesh,X,X,X,KKR,KKR,KKR,KKR,KKR,KKR,KKR,SRH,0
Deepak Chougule,ÿIndia,X,X,X,KTK,X,X,X,X,X,X,,1
Gnaneswara Rao,ÿIndia,X,X,X,KTK,X,X,X,X,X,X,,1
John Hastings,ÿAustralia,X,X,X,KTK,X,X,CSK,X,KKR,X,,0
Michael Klinger,ÿAustralia,X,X,X,KTK,X,X,X,X,X,X,,0
Padmanabhan Prasanth,ÿIndia,X,X,X,KTK,X,SRH,X,SRH,X,X,,1
Prasanth Parameswaran,ÿIndia,X,X,X,KTK,RCB,RCB,SRH,X,X,X,,1
Steve O'Keefe,ÿAustralia,X,X,X,KTK,X,X,X,X,X,X,,0
Sushant Marathe,ÿIndia,X,X,X,KTK,MI,MI,MI,X,X,X,,1
Amit Yadav,ÿIndia,X,X,X,KXIP,KXIP,X,X,X,X,X,,1
Bhargav Bhatt,ÿIndia,X,X,X,KXIP,KXIP,KXIP,X,X,X,X,,1
David Miller,ÿSouth Africa,X,X,X,KXIP,KXIP,KXIP,KXIP,KXIP,KXIP,KXIP,KXIP,0
Manan Vohra,ÿIndia,X,X,X,KXIP,KXIP,KXIP,KXIP,KXIP,KXIP,KXIP,RCB,1
Nathan Rimmington,ÿAustralia,X,X,X,KXIP,KXIP,X,X,X,X,X,,0
Stuart Broad,ÿEngland,X,X,X,KXIP,KXIP,X,X,X,X,X,,0
Sunny Singh,ÿIndia,X,X,X,KXIP,KXIP,KXIP,X,X,X,X,,1
Aiden Blizzard,ÿAustralia,X,X,X,MI,MI,MI,X,MI,X,X,,0
Clint McKay,ÿAustralia,X,X,X,MI,MI,SRH,X,X,X,X,,0
Davy Jacobs,ÿSouth Africa,X,X,X,MI,MI,X,X,X,X,X,,0
James Franklin,ÿNew Zealand,X,X,X,MI,MI,MI,X,X,X,X,,0
Pawan Suyal,ÿIndia,X,X,X,MI,MI,MI,MI,MI,DD,X,,1
Santosh Yadav,ÿIndia,X,X,X,MI,X,X,X,X,X,X,,1
Sarul Kanwar,ÿIndia,X,X,X,MI,X,X,X,X,X,X,,1
Suryakumar Yadav,ÿIndia,X,X,X,MI,MI,MI,KKR,KKR,KKR,KKR,,1
Yuzvendra Chahal,ÿIndia,X,X,X,MI,MI,MI,RCB,RCB,RCB,RCB,RCB,1
Alfonso Thomas,ÿSouth Africa,X,X,X,PWI,PWI,X,X,X,X,X,,0
Callum Ferguson,ÿAustralia,X,X,X,PWI,PWI,X,X,X,X,X,,0
Dheeraj Jadhav,ÿIndia,X,X,X,PWI,PWI,PWI,X,X,X,X,,1
Eklavya Dwivedi,ÿIndia,X,X,X,PWI,PWI,PWI,X,CSK,GL,SRH,,1
Ganesh Gaikwad,ÿIndia,X,X,X,PWI,X,X,X,X,X,X,,1
Harpreet Singh,ÿIndia,X,X,X,PWI,PWI,PWI,X,X,X,X,,1
Imtiaz Ahmed,ÿIndia,X,X,X,PWI,X,CSK,X,X,X,X,,1
James Faulkner,ÿAustralia,X,X,X,PWI,KXIP,RR,RR,RR,GL,GL,,0
Nathan McCullum,ÿIndia,X,X,X,PWI,PWI,SRH,X,X,X,X,,1
Nayan Doshi,ÿIndia,X,X,X,PWI,X,X,X,X,X,X,,1
Shrikant Mundhe,ÿIndia,X,X,X,PWI,X,X,X,X,X,X,,1
Tim Paine,ÿAustralia,X,X,X,PWI,X,X,X,X,X,X,,0
Abrar Kazi,ÿIndia,X,X,X,RCB,X,X,X,X,X,X,,1
Asad Pathan,ÿIndia,X,X,X,RCB,RCB,X,X,X,X,X,,1
BN Bharath,ÿIndia,X,X,X,RCB,X,X,X,X,X,X,,1
Johan van der Wath,ÿSouth Africa,X,X,X,RCB,X,X,X,X,X,X,,0
Jonathan Vandiar,ÿSouth Africa,X,X,X,RCB,X,X,X,X,X,X,,0
Mayank Agarwal,ÿIndia,X,X,X,RCB,RCB,RCB,DD,DD,DD,RPS,KXIP,1
Nuwan Pradeep,ÿSri Lanka,X,X,X,RCB,X,X,X,X,X,X,,0
Rilee Rossouw,ÿSouth Africa,X,X,X,RCB,RCB,RCB,RCB,RCB,X,X,,0
Syed Mohammed,ÿIndia,X,X,X,RCB,RCB,RCB,X,X,X,X,,1
Ashok Menaria,ÿIndia,X,X,X,RR,RR,RR,X,X,X,X,,1
Deepak Chahar,ÿIndia,X,X,X,RR,RR,RR,X,X,RPS,RPS,CSK,1
Dishant Yagnik,ÿIndia,X,X,X,RR,RR,RR,RR,RR,X,X,,1
Samad Fallah,ÿIndia,X,X,X,RR,RR,RR,X,X,X,X,,1
Akshath Reddy,ÿIndia,X,X,X,X,DC,SRH,X,X,X,X,,1
Biplab Samantray,ÿIndia,X,X,X,X,DC,SRH,X,X,X,X,,1
Daniel Harris,ÿAustralia,X,X,X,X,DC,X,X,X,X,X,,0
Darren Bravo,ÿTrinidad and Tobago,X,X,X,X,DC,X,X,X,X,KKR,X,0
Sneha Kishore,ÿIndia,X,X,X,X,DC,X,X,X,X,X,,1
Tanmay Mishra,ÿKenya,X,X,X,X,DC,X,RCB,X,X,X,,0
Tekkami Atchuta Rao,ÿIndia,X,X,X,X,DC,X,X,X,X,X,,1
TP Sudhindra,ÿIndia,X,X,X,X,DC,X,X,X,X,X,,1
Veer Pratap Singh,ÿIndia,X,X,X,X,DC,SRH,KKR,KKR,X,X,,1
Andre Russell,ÿJamaica,X,X,X,X,DD,DD,KKR,KKR,KKR,X,KKR,0
Doug Bracewell,ÿNew Zealand,X,X,X,X,DD,X,X,X,X,X,,0
Glenn Maxwell,ÿAustralia,X,X,X,X,DD,MI,KXIP,KXIP,KXIP,KXIP,DD,0
Gulam Bodi,ÿSouth Africa,X,X,X,X,DD,DD,X,X,X,X,,0
Kuldeep Raval,ÿIndia,X,X,X,X,DD,X,X,X,X,X,,1
Manpreet Juneja,ÿIndia,X,X,X,X,DD,DD,SRH,X,X,X,,1
Pawan Negi,ÿIndia,X,X,X,X,DD,DD,CSK,CSK,DD,RCB,RCB,1
Puneet Bisht,ÿIndia,X,X,X,X,DD,DD,X,X,X,X,,1
Sunny Gupta,ÿIndia,X,X,X,X,DD,DD,X,X,X,X,,1
Zafir Patel,ÿIndia,X,X,X,X,DD,X,X,X,X,X,,1
Chirag Jani,ÿIndia,X,X,X,X,KKR,X,X,X,X,X,,1
Iresh Saxena,ÿIndia,X,X,X,X,KKR,X,X,X,X,X,,1
Marchant de Lange,ÿSouth Africa,X,X,X,X,KKR,KKR,MI,MI,MI,X,,0
Sanju Samson,ÿIndia,X,X,X,X,KKR,RR,RR,RR,DD,DD,,1
Sunil Narine,ÿTrinidad and Tobago,X,X,X,X,KKR,KKR,KKR,KKR,KKR,KKR,KKR,0
Ben Cutting,ÿAustralia,X,X,X,X,KXIP,X,RR,RR,SRH,SRH,MI,0
Gurkeerat Singh,ÿIndia,X,X,X,X,KXIP,KXIP,KXIP,KXIP,KXIP,KXIP,DD,1
Kyle Abbott,ÿSouth Africa,X,X,X,X,KXIP,X,X,CSK,KXIP,X,,0
Parvinder Awana,ÿIndia,X,X,X,X,KXIP,KXIP,KXIP,KXIP,X,X,,1
Amitoze Singh,ÿIndia,X,X,X,X,MI,MI,X,X,X,X,,1
Apoorv Wankhade,ÿIndia,X,X,X,X,MI,X,MI,X,X,X,,1
Kuldeep Yadav,ÿIndia,X,X,X,X,MI,X,KKR,KKR,KKR,KKR,,1
Mitchell Johnson,ÿAustralia,X,X,X,X,MI,MI,KXIP,KXIP,KXIP,MI,,0
Richard Levi,ÿSouth Africa,X,X,X,X,MI,X,X,X,X,X,,0
Robin Peterson,ÿSouth Africa,X,X,X,X,MI,X,X,X,X,X,,0
Sujit Nayak,ÿIndia,X,X,X,X,MI,DD,X,X,X,X,,1
Anustup Majumdar,ÿIndia,X,X,X,X,PWI,PWI,X,X,X,X,,1
Krishnakant Upadhyay,ÿIndia,X,X,X,X,PWI,PWI,X,X,X,X,,1
Luke Wright,ÿEngland,X,X,X,X,PWI,PWI,X,X,X,X,,0
Marlon Samuels,ÿJamaica,X,X,X,X,PWI,PWI,X,X,X,X,,0
Michael Clarke,ÿAustralia,X,X,X,X,PWI,PWI,X,X,X,X,,0
Tamim Iqbal,ÿBangladesh,X,X,X,X,PWI,PWI,X,X,X,X,,0
Harshal Patel,ÿIndia,X,X,X,X,RCB,RCB,RCB,RCB,RCB,RCB,DD,1
Karun Nair,ÿIndia,X,X,X,X,RCB,RCB,RR,RR,DD,DD,KXIP,1
S. Thiagarajan,ÿIndia,X,X,X,X,RCB,X,X,X,X,X,,1
Vijay Zol,ÿIndia,X,X,X,X,RCB,RCB,RCB,RCB,X,X,,1
Brad Hogg,ÿAustralia,X,X,X,X,RR,RR,X,KKR,KKR,X,,0
Dinesh Chandimal,ÿSri Lanka,X,X,X,X,RR,X,X,X,X,X,,0
Kevon Cooper,ÿTrinidad and Tobago,X,X,X,X,RR,RR,RR,X,X,X,,0
Samuel Badree,ÿTrinidad and Tobago,X,X,X,X,RR,RR,CSK,CSK,RCB,RCB,,0
Akila Dananjaya,ÿSri Lanka,X,X,X,X,X,CSK,X,X,X,X,MI,0
Ankit Rajpoot,ÿIndia,X,X,X,X,X,CSK,X,X,KKR,KKR,KXIP,1
Baba Aparajith,ÿIndia,X,X,X,X,X,CSK,CSK,CSK,RPS,RPS,,1
Ben Laughlin,ÿAustralia,X,X,X,X,X,CSK,X,X,X,SRH,,0
Chris Morris,ÿSouth Africa,X,X,X,X,X,CSK,X,RR,DD,DD,DD,0
Jason Holder,ÿBarbados,X,X,X,X,X,CSK,SRH,X,KKR,X,,0
Mohit Sharma,ÿIndia,X,X,X,X,X,CSK,CSK,CSK,KXIP,KXIP,,1
R. Karthikeyan,ÿIndia,X,X,X,X,X,CSK,X,X,X,X,,1
Ronit More,ÿIndia,X,X,X,X,X,CSK,CSK,CSK,X,X,,1
Vijay Shankar,ÿIndia,X,X,X,X,X,CSK,CSK,X,SRH,SRH,DD,1
Arisht Singhvi,ÿIndia,X,X,X,X,X,DD,X,X,X,X,,1
Ben Rohrer,ÿAustralia,X,X,X,X,X,DD,X,X,X,X,,0
Jeevan Mendis,ÿSri Lanka,X,X,X,X,X,DD,X,X,X,X,,0
Royston Dias,ÿIndia,X,X,X,X,X,DD,X,X,X,X,,1
Sachithra Senanayake,ÿSri Lanka,X,X,X,X,X,KKR,X,X,X,X,,0
Aniket Choudhary,ÿIndia,X,X,X,X,X,KXIP,X,X,X,RCB,,1
Michael Neser,ÿAustralia,X,X,X,X,X,KXIP,X,X,X,X,,0
Sandeep Sharma,ÿIndia,X,X,X,X,X,KXIP,KXIP,KXIP,KXIP,KXIP,,1
Axar Patel,ÿIndia,X,X,X,X,X,MI,KXIP,KXIP,KXIP,KXIP,KXIP,1
Jalaj Saxena,ÿIndia,X,X,X,X,X,MI,MI,RCB,X,X,,1
Jasprit Bumrah,ÿIndia,X,X,X,X,X,MI,MI,MI,MI,MI,MI,1
Javed Khan,ÿIndia,X,X,X,X,X,MI,X,X,X,X,,1
Nathan Coulter-Nile,ÿAustralia,X,X,X,X,X,MI,DD,DD,DD,KKR,RCB,0
Phillip Hughes,ÿAustralia,X,X,X,X,X,MI,X,X,X,X,,0
Ishwar Pandey,ÿIndia,X,X,X,X,X,PWI,CSK,CSK,RPS,RPS,,1
Kane Richardson,ÿAustralia,X,X,X,X,X,PWI,RR,RR,RCB,X,,0
Parvez Rasool,ÿIndia,X,X,X,X,X,PWI,SRH,SRH,RCB,X,,1
Udit Birla,ÿIndia,X,X,X,X,X,PWI,X,X,X,X,,1
Chris Barnwell,ÿGuyana,X,X,X,X,X,RCB,X,X,X,X,,0
KL Rahul,ÿIndia,X,X,X,X,X,RCB,SRH,SRH,RCB,RCB,KXIP,1
Ravi Rampaul,ÿTrinidad and Tobago,X,X,X,X,X,RCB,RCB,X,X,X,,0
Sandeep Warrier,ÿIndia,X,X,X,X,X,RCB,RCB,RCB,X,X,,1
Sheldon Jackson,ÿIndia,X,X,X,X,X,RCB,X,KKR,KKR,KKR,,1
Kumar Boresa,ÿIndia,X,X,X,X,X,RR,X,X,X,X,,1
Kusal Perera,ÿSri Lanka,X,X,X,X,X,RR,X,X,X,X,,0
Pravin Tambe,ÿIndia,X,X,X,X,X,RR,RR,RR,GL,SRH,,1
Sachin Baby,ÿIndia,X,X,X,X,X,RR,X,X,X,RCB,,1
Darren Sammy,ÿSaint Lucia,X,X,X,X,X,SRH,SRH,RCB,X,KXIP,,0
Hanuma Vihari,ÿIndia,X,X,X,X,X,SRH,X,SRH,X,X,,1
Quinton de Kock,ÿSouth Africa,X,X,X,X,X,SRH,DD,DD,DD,DD,RCB,0
Thalaivan Sargunam,ÿIndia,X,X,X,X,X,SRH,X,X,X,X,,1
Matt Henry,ÿNew Zealand,X,X,X,X,X,X,CSK,CSK,X,KXIP,,0
HS Sharath,ÿIndia,X,X,X,X,X,X,DD,X,X,X,,1
Imran Tahir,ÿSouth Africa,X,X,X,X,X,X,DD,DD,DD,RPS,CSK,0
Jimmy Neesham,ÿNew Zealand,X,X,X,X,X,X,DD,KKR,X,X,,0
Jayant Yadav,ÿIndia,X,X,X,X,X,X,DD,DD,DD,DD,DD,1
Milind Kumar,ÿIndia,X,X,X,X,X,X,DD,X,X,X,,1
Pat Cummins,ÿAustralia,X,X,X,X,X,X,KKR,KKR,X,DD,,0
Sayan Mondal,ÿIndia,X,X,X,X,X,X,KKR,X,X,X,,1
Beuran Hendricks,ÿSouth Africa,X,X,X,X,X,X,KXIP,KXIP,X,X,,0
Karanveer Singh,ÿIndia,X,X,X,X,X,X,KXIP,KXIP,X,X,,1
Shardul Thakur,ÿIndia,X,X,X,X,X,X,KXIP,KXIP,KXIP,RPS,CSK,1
Shivam Sharma,ÿIndia,X,X,X,X,X,X,KXIP,KXIP,X,X,,1
Ben Dunk,ÿAustralia,X,X,X,X,X,X,MI,X,X,X,,0
Corey Anderson,ÿNew Zealand,X,X,X,X,X,X,MI,MI,MI,DD,,0
Josh Hazlewood,ÿAustralia,X,X,X,X,X,X,MI,MI,X,X,,0
Krishmar Santokie,ÿJamaica,X,X,X,X,X,X,MI,X,X,X,,0
Lendl Simmons,ÿTrinidad and Tobago,X,X,X,X,X,X,MI,MI,MI,MI,,0
Shreyas Gopal,ÿIndia,X,X,X,X,X,X,MI,MI,MI,MI,,1
Mitchell Starc,ÿAustralia,X,X,X,X,X,X,RCB,RCB,RCB,X,KKR,0
Nic Maddinson,ÿAustralia,X,X,X,X,X,X,RCB,RCB,X,X,,0
Amit Mishra,ÿIndia,X,X,X,X,X,X,RR,X,GL,X,DD,1
Ankush Bains,ÿIndia,X,X,X,X,X,X,RR,CSK,RPS,RPS,,1
Deepak Hooda,ÿIndia,X,X,X,X,X,X,RR,RR,SRH,SRH,,1
Rahul Tewatia,ÿIndia,X,X,X,X,X,X,RR,RR,X,KXIP,DD,1
Brendan Taylor,ÿZimbabwe,X,X,X,X,X,X,SRH,X,X,X,,0
Chama Milind,ÿIndia,X,X,X,X,X,X,SRH,SRH,DD,DD,,1
Ricky Bhui,ÿIndia,X,X,X,X,X,X,SRH,SRH,SRH,X,,1
Andrew Tye,ÿAustralia,X,X,X,X,X,X,X,CSK,GL,GL,KXIP,0
Pratyush Singh,ÿIndia,X,X,X,X,X,X,X,CSK,DD,DD,,1
Domnic Muthuswami,ÿIndia,X,X,X,X,X,X,X,DD,X,X,,1
Gurinder Sandhu,ÿAustralia,X,X,X,X,X,X,X,DD,X,X,,0
KK Jiyas,ÿIndia,X,X,X,X,X,X,X,DD,X,X,,1
Marcus Stoinis,ÿAustralia,X,X,X,X,X,X,X,DD,KXIP,KXIP,KXIP,0
Shreyas Iyer,ÿIndia,X,X,X,X,X,X,X,DD,DD,DD,DD,1
Srikar Bharat,ÿIndia,X,X,X,X,X,X,X,DD,X,X,,1
Travis Head,ÿAustralia,X,X,X,X,X,X,X,DD,RCB,RCB,,0
Aditya Garhwal,ÿIndia,X,X,X,X,X,X,X,KKR,X,X,,1
KC Cariappa,ÿIndia,X,X,X,X,X,X,X,KKR,KXIP,KXIP,,1
Vaibhav Rawal,ÿIndia,X,X,X,X,X,X,X,KKR,X,X,,1
Nikhil Naik,ÿIndia,X,X,X,X,X,X,X,KXIP,KXIP,KXIP,,1
Yogesh Golwalkar,ÿIndia,X,X,X,X,X,X,X,KXIP,X,X,,1
Akshay Wakhare,ÿIndia,X,X,X,X,X,X,X,MI,MI,X,,1
Alex Hales,ÿEngland,X,X,X,X,X,X,X,MI,X,X,,0
Colin Munro,ÿNew Zealand,X,X,X,X,X,X,X,MI,KKR,X,DD,0
Hardik Pandya,ÿIndia,X,X,X,X,X,X,X,MI,MI,MI,MI,1
Jagadeesha Suchith,ÿIndia,X,X,X,X,X,X,X,MI,MI,MI,,1
Mitchell McClenaghan,ÿNew Zealand,X,X,X,X,X,X,X,MI,MI,MI,,0
Nitish Rana,ÿIndia,X,X,X,X,X,X,X,MI,MI,MI,KKR,1
Siddhesh Lad,ÿIndia,X,X,X,X,X,X,X,MI,MI,MI,,1
Adam Milne,ÿNew Zealand,X,X,X,X,X,X,X,RCB,RCB,RCB,,0
David Wiese,ÿSouth Africa,X,X,X,X,X,X,X,RCB,RCB,X,,0
Sarfaraz Khan,ÿIndia,X,X,X,X,X,X,X,RCB,RCB,RCB,RCB,1
Sean Abbott,ÿAustralia,X,X,X,X,X,X,X,RCB,X,X,,0
Shishir Bhavane,ÿIndia,X,X,X,X,X,X,X,RCB,X,X,,1
Barinder Sran,ÿIndia,X,X,X,X,X,X,X,RR,SRH,SRH,,1
Pardeep Sahu,ÿIndia,X,X,X,X,X,X,X,RR,KXIP,KXIP,KXIP,1
Sagar Trivedi,ÿIndia,X,X,X,X,X,X,X,RR,X,X,,1
Kane Williamson,ÿNew Zealand,X,X,X,X,X,X,X,SRH,SRH,SRH,,0
Trent Boult,ÿNew Zealand,X,X,X,X,X,X,X,SRH,SRH,KKR,DD,0
Akhil Herwadkar,ÿIndia,X,X,X,X,X,X,X,X,DD,X,,1
Carlos Brathwaite,ÿBarbados,X,X,X,X,X,X,X,X,DD,DD,,0
Khaleel Ahmed,ÿIndia,X,X,X,X,X,X,X,X,DD,DD,,1
Mahipal Lomror,ÿIndia,X,X,X,X,X,X,X,X,DD,X,,1
Rishabh Pant,ÿIndia,X,X,X,X,X,X,X,X,DD,DD,DD,1
Sam Billings,ÿEngland,X,X,X,X,X,X,X,X,DD,DD,CSK,0
Akshdeep Nath,ÿIndia,X,X,X,X,X,X,X,X,GL,GL,,1
Ishan Kishan,ÿIndia,X,X,X,X,X,X,X,X,GL,MI,,1
Shivil Kaushik,ÿIndia,X,X,X,X,X,X,X,X,GL,GL,,1
Umang Sharma,ÿIndia,X,X,X,X,X,X,X,X,GL,X,,1
Manan Sharma,ÿIndia,X,X,X,X,X,X,X,X,KKR,X,,1
Armaan Jaffer,ÿIndia,X,X,X,X,X,X,X,X,KXIP,KXIP,,1
Farhaan Behardien,ÿSouth Africa,X,X,X,X,X,X,X,X,KXIP,X,,0
Hashim Amla,ÿSouth Africa,X,X,X,X,X,X,X,X,KXIP,KXIP,,0
Deepak Punia,ÿIndia,X,X,X,X,X,X,X,X,MI,MI,,1
Jitesh Sharma,ÿIndia,X,X,X,X,X,X,X,X,MI,MI,,1
Jos Buttler,ÿEngland,X,X,X,X,X,X,X,X,MI,MI,RR,0
Kishore Kamath,ÿIndia,X,X,X,X,X,X,X,X,MI,X,,1
Krunal Pandya,ÿIndia,X,X,X,X,X,X,X,X,MI,MI,MI,1
Martin Guptill,ÿNew Zealand,X,X,X,X,X,X,X,X,MI,KXIP,,0
Nathu Singh,ÿIndia,X,X,X,X,X,X,X,X,MI,GL,,1
Akshay Karnewar,ÿIndia,X,X,X,X,X,X,X,X,RCB,X,,1
Chris Jordan,ÿEngland,X,X,X,X,X,X,X,X,RCB,SRH,,0
Joel Paris,ÿAustralia,X,X,X,X,X,X,X,X,RCB,X,,0
Praveen Dubey,ÿIndia,X,X,X,X,X,X,X,X,RCB,RCB,,1
Tabraiz Shamsi,ÿSouth Africa,X,X,X,X,X,X,X,X,RCB,RCB,,0
Vikas Tokas,ÿIndia,X,X,X,X,X,X,X,X,RCB,X,,1
Adam Zampa,ÿAustralia,X,X,X,X,X,X,X,X,RPS,RPS,,0
Murugan Ashwin,ÿIndia,X,X,X,X,X,X,X,X,RPS,DD,,1
Peter Handscomb,ÿAustralia,X,X,X,X,X,X,X,X,RPS,X,,0
Scott Boland,ÿAustralia,X,X,X,X,X,X,X,X,RPS,X,,0
Usman Khawaja,ÿAustralia,X,X,X,X,X,X,X,X,RPS,RPS,,0
Mustafizur Rahman,ÿBangladesh,X,X,X,X,X,X,X,X,SRH,SRH,MI,0
Ankit Bawne,ÿIndia,X,X,X,X,X,X,X,X,X,DD,,1
Kagiso Rabada,ÿSouth Africa,X,X,X,X,X,X,X,X,X,DD,DD,0
Navdeep Saini,ÿIndia,X,X,X,X,X,X,X,X,X,DD,,1
Shashank Singh,ÿIndia,X,X,X,X,X,X,X,X,X,DD,,1
Ankit Soni,ÿIndia,X,X,X,X,X,X,X,X,X,GL,,1
Basil Thampi,ÿIndia,X,X,X,X,X,X,X,X,X,GL,SRH,1
Chirag Suri,ÿUnited Arab Emirates,X,X,X,X,X,X,X,X,X,GL,,0
Jason Roy,ÿEngland,X,X,X,X,X,X,X,X,X,GL,DD,0
Pratham Singh,ÿIndia,X,X,X,X,X,X,X,X,X,GL,,1
Rinku Singh,ÿIndia,X,X,X,X,X,X,X,X,X,GL,,1
Shelley Shaurya,ÿIndia,X,X,X,X,X,X,X,X,X,GL,,1
Shubham Agarwal,ÿIndia,X,X,X,X,X,X,X,X,X,GL,,1
Tejas Baroka,ÿIndia,X,X,X,X,X,X,X,X,X,GL,,1
Chris Woakes,ÿEngland,X,X,X,X,X,X,X,X,X,KKR,RCB,0
Colin de Grandhomme,ÿNew Zealand,X,X,X,X,X,X,X,X,X,KKR,,0
Rovman Powell,ÿJamaica,X,X,X,X,X,X,X,X,X,KKR,,0
Sanjay Yadav,ÿIndia,X,X,X,X,X,X,X,X,X,KKR,,1
Sayan Ghosh,ÿIndia,X,X,X,X,X,X,X,X,X,KKR,DD,1
T Natarajan,ÿIndia,X,X,X,X,X,X,X,X,X,KXIP,,1
Asela Gunaratne,ÿSri Lanka,X,X,X,X,X,X,X,X,X,MI,,0
Krishnappa Gowtham,ÿIndia,X,X,X,X,X,X,X,X,X,MI,,1
Kulwant Khejroliya,ÿIndia,X,X,X,X,X,X,X,X,X,MI,,1
Nicholas Pooran,ÿTrinidad and Tobago,X,X,X,X,X,X,X,X,X,MI,,0
Avesh Khan,ÿIndia,X,X,X,X,X,X,X,X,X,RCB,DD,1
Billy Stanlake,ÿAustralia,X,X,X,X,X,X,X,X,X,RCB,,0
Tymal Mills,ÿEngland,X,X,X,X,X,X,X,X,X,RCB,,0
Vishnu Vinod,ÿIndia,X,X,X,X,X,X,X,X,X,RCB,,1
Ben Stokes,ÿEngland,X,X,X,X,X,X,X,X,X,RPS,RR,0
Lockie Ferguson,ÿNew Zealand,X,X,X,X,X,X,X,X,X,RPS,,0
Milind Tandon,ÿIndia,X,X,X,X,X,X,X,X,X,RPS,,1
Rahul Chahar,ÿIndia,X,X,X,X,X,X,X,X,X,RPS,,1
Rahul Tripathi,ÿIndia,X,X,X,X,X,X,X,X,X,RPS,RR,1
Saurabh Kumar,ÿIndia,X,X,X,X,X,X,X,X,X,RPS,,1
Washington Sundar,ÿIndia,X,X,X,X,X,X,X,X,X,RPS,RCB,1
Mohammad Nabi,ÿAfghanistan,X,X,X,X,X,X,X,X,X,SRH,SRH,0
Mohammed Siraj,ÿIndia,X,X,X,X,X,X,X,X,X,SRH,RCB,1
Rashid Khan,ÿAfghanistan,X,X,X,X,X,X,X,X,X,SRH,SRH,0
Ricky Bhui,ÿIndia,X,X,X,X,X,X,X,X,X,SRH,,1
Tanmay Agarwal,ÿIndia,X,X,X,X,X,X,X,X,X,SRH,,1
Dhruv Shorey,ÿIndia,X,X,X,X,X,X,X,X,X,X,CSK,1
Kanishk Seth,ÿIndia,X,X,X,X,X,X,X,X,X,X,CSK,1
Kshitiz Sharma,ÿIndia,X,X,X,X,X,X,X,X,X,X,CSK,1
Nayaran Jagadeesan,ÿIndia,X,X,X,X,X,X,X,X,X,X,CSK,1
KM Asif,ÿIndia,X,X,X,X,X,X,X,X,X,X,CSK,1
Chaitanya Bishnoi,ÿIndia,X,X,X,X,X,X,X,X,X,X,CSK,1
Monu Kumar,ÿIndia,X,X,X,X,X,X,X,X,X,X,CSK,1
Lungi Ngidi,ÿSouth Africa,X,X,X,X,X,X,X,X,X,X,CSK,0
Mitchell Santner,ÿNew Zealand,X,X,X,X,X,X,X,X,X,X,CSK,0
Mark Wood,ÿEngland,X,X,X,X,X,X,X,X,X,X,CSK,0
Prithvi Shaw,ÿIndia,X,X,X,X,X,X,X,X,X,X,DD,1
Manjot Kalra,ÿIndia,X,X,X,X,X,X,X,X,X,X,DD,1
Abhishek Sharma,ÿIndia,X,X,X,X,X,X,X,X,X,X,DD,1
Sandeep Lamichhane,ÿÿÿNepal,X,X,X,X,X,X,X,X,X,X,DD,0
Akshdeep Nath,ÿIndia,X,X,X,X,X,X,X,X,X,X,KXIP,1
Mayank Dagar,ÿIndia,X,X,X,X,X,X,X,X,X,X,KXIP,1
Manzoor Dar,ÿIndia,X,X,X,X,X,X,X,X,X,X,KXIP,1
Ben Dwarshuis,ÿAustralia,X,X,X,X,X,X,X,X,X,X,KXIP,0
Mujeeb Ur Rahman,ÿAfghanistan,X,X,X,X,X,X,X,X,X,X,KXIP,0
