0,PlayerName,DateofBirth,Age,BatSkill,BallSkill,Innings:,Not Outs:,Aggregate:,Highest Score:,Average:,50s:,100s:,200s:,300s:,Ducks:,Pairs:,4s:,6s:,Balls Faced:,Scoring Rate,Opened Batting:,Overs:,Balls:,Maidens:,Runs Conceded:,Wickets:,Average:,5 Wickets in  Innings:,10 Wickets in Match:,Best - Innings:,Best - Match:,None for 100,Economy Rate:,Strike Rate:,Catches:,Most Catches in Innings:,Most Catches in Match:,Innings:,Not Outs:,Aggregate:,Highest Score:,Average:,50s:,100s:,Ducks:,4s:,6s:,Balls Faced:,Scoring Rate,Opened Batting:,Overs:,Balls:,Maidens:,Runs Conceded:,Wickets:,Average:,4 Wickets in Innings:,Best:,Economy Rate:,Strike Rate:,Catches:,Most Catches in Match:,Innings:,Not Outs:,Aggregate:,Highest Score:,Average:,50s:,100s:,Ducks:,4s:,6s:,Balls Faced:,Scoring Rate,Opened Batting:,Overs:,Balls:,Maidens:,Runs Conceded:,Wickets:,Average:,4 Wickets in Innings:,Best:,Economy Rate:,Strike Rate:,Catches:,Most Catches in Match:,Innings:,Not Outs:,Aggregate:,Highest Score:,Average:,50s:,100s:,Ducks:,4s:,6s:,Balls Faced:,Scoring Rate,Opened Batting:,Overs:,Balls:,Maidens:,Runs Conceded:,Wickets:,Average:,4 Wickets in Innings:,Best:,Economy Rate:,Strike Rate:,Catches:,Most Catches in Match:,Avg_actual_price,Avg_base_price,Actual_price
1,Aaron_James_Finch ,17-11-1986,31,Right_Handed,Left_Arm_Orthodox,0,0,0,0,0,0,0,0,0,0,0,0,0,0,0,0,0,0,0,0,0,0,0,0,0,0,0,0,0,0,0,0,84,1,3200,148,38.55,18,10,7,339,70,3552,90.09,84,25.2,152,0,130,2,65,0,01-Feb,5.13,76,40,3,84,1,3200,148,38.55,18,10,7,339,70,3552,90.09,84,25.2,152,0,130,2,65,0,01-Feb,5.13,76,40,3,36,6,1206,156,40.2,7,1,0,120,54,795,151.7,31,2,12,0,27,0,0,0,0/9,13.5,0,10,2,22666666.67,5000000,62000000
2,Abraham_B_de_Villiers ,17-02-1984,34,Right_Handed,Right_Arm_Medium,183,16,8338,278*,49.93,42,21,2,0,7,1,964,60,15420,54.07,35,34,204,6,104,2,52,0,0,Feb-49,Feb-49,0,3.06,102,113,3,4,218,39,9577,176,53.5,53,25,7,840,204,9473,101.1,36,32,192,0,202,7,28.86,0,Feb-15,6.31,27.43,84,3,75,11,1672,79*,26.13,10,0,5,140,60,1237,135.17,9,0,0,0,0,0,0,0,0,0,0,44,3,117,27,3426,133*,38.07,22,3,8,284,153,2312,148.18,1,0,0,0,0,0,0,0,0,0,0,"
                        70","
                        3",21000000,21000000,110000000
3,Ajinkya_M_Rahane ,06-06-1988,29,Right_Handed,Right_Arm_Medium,75,9,2883,188,43.68,12,9,0,0,5,0,330,23,5465,52.75,0,0,0,0,0,0,0,0,0,0,0,0,0,0,58,5,8,87,3,2962,111,35.26,24,3,6,293,33,3767,78.63,54,0,0,0,0,0,0,0,0,0,0,48,2,20,2,375,61,20.83,1,0,2,32,6,331,113.29,17,0,0,0,0,0,0,0,0,0,0,16,4,105,14,3057,103*,33.59,25,1,10,320,58,2535,120.59,89,"
                        1.0","
                        6","
                        0","
                        5",1,5,"
                        0",01-May,5,6,"
                        46","
                        2",28000000,28000000,40000000
4,Amit_Mishra ,24-11-1982,35,Right_Handed,Right_Arm_Leg_Break,32,2,648,84,21.6,4,0,0,0,4,1,79,3,1103,58.75,0,850.3,5103,123,2715,76,35.72,1,0,May-71,Jul-72,0,3.19,67.14,8,1,1,11,3,43,14,5.38,0,0,2,4,0,81,53.09,0,319.3,1917,19,1511,64,23.61,4,Jun-48,4.73,29.95,5,1,1,0,0,0,0,0,0,1,0,0,0,0,0,38,228,1,240,16,15,0,Mar-24,6.32,14.25,1,1,51,22,340,31,11.72,0,0,10,27,5,363,93.66,0,"
                        439.5","
                        2639","
                        5","
                        3265",134,24.37,"
                        4",May-17,7.42,19.69,"
                        19","
                        2",22916666.67,3666666.667,40000000
6,Benjamin_Andrew_Stokes ,04-06-1991,26,Left_Handed,Right_Arm_Fast_Medium,69,1,2429,258,35.72,12,6,1,0,9,1,324,39,3809,63.77,0,955.4,5734,175,3224,95,33.94,4,0,Jun-22,8/161,0,3.37,60.36,39,3,4,56,8,1725,102*,35.94,11,3,5,139,53,1767,97.62,0,346.3,2079,5,2111,57,37.04,2,May-61,6.09,36.47,28,2,18,5,192,38,14.77,0,0,1,17,8,141,136.17,0,53.4,322,1,485,10,48.5,0,Mar-26,9.04,32.2,8,3,11,1,316,103*,31.6,1,1,0,22,15,221,142.99,0,"
                        44.0","
                        264","
                        1","
                        316",12,26.33,"
                        0",Mar-18,7.18,22,"
                        5","
                        2",90000000,90000000,125000000
7,Bhuvneshwar_Kumar ,05-02-1990,28,Right_Handed,Right_Arm_Medium,29,4,552,63*,22.08,3,0,0,0,4,0,77,1,1225,45.06,0,558,3348,141,1644,63,26.1,4,0,Jun-82,Aug-96,0,2.95,53.14,8,2,2,40,14,379,53*,14.58,1,0,7,34,5,497,76.26,0,690.4,4144,57,3448,90,38.31,3,May-42,4.99,46.04,23,2,7,4,21,9,7,0,0,1,0,0,25,84,0,91.4,550,2,618,27,22.89,1,May-24,6.74,20.37,4,1,34,15,158,24*,8.32,0,0,3,15,3,157,100.64,0,"
                        325.1","
                        1951","
                        5","
                        2295",110,20.86,"
                        3",May-19,7.06,17.74,"
                        21","
                        2",21250000,7500000,85000000
8,Brendon_B_McCullum ,27-09-1981,36,Right_Handed, ,176,9,6453,302,38.64,31,12,4,1,14,0,776,107,9989,64.6,35,29.1,175,5,88,1,88,0,0,01-Jan,Jan-13,0,3.02,175,31,3,4,228,28,6083,166,30.42,32,5,20,575,200,6312,96.37,107,0,0,0,0,0,0,0,Jan-00,0,0,35,3,70,10,2140,123,35.67,13,2,3,197,91,1567,136.57,41,0,0,0,0,0,0,0,Jan-00,0,0,12,2,103,5,2753,158*,28.09,13,2,5,277,124,2098,131.22,96,0,0,0,0,0,0,0,Jan-00,0,0,"
                        25","
                        2",37000000,10000000,36000000
9,Christopher_H_Gayle ,21-09-1979,38,Left_Handed,Right_Arm_Off_Break,182,11,7214,333,42.19,37,15,3,2,15,2,1046,98,11970,60.27,173,1184.5,7109,227,3120,73,42.74,2,0,May-34,Jun-81,0,2.63,97.38,96,3,3,270,17,9420,215,37.23,48,22,23,1054,253,11009,85.57,250,1203.4,7222,39,5739,163,35.21,4,May-46,4.77,44.31,117,3,51,4,1589,117,33.81,13,2,3,136,103,1095,145.11,51,53.1,319,0,376,17,22.12,0,Feb-15,7.07,18.76,14,1,100,12,3626,175,41.2,21,5,6,293,263,2398,151.21,98,"
                        91.3","
                        549","
                        0","
                        724",18,40.22,"
                        0",Mar-21,7.91,30.5,23,2,24000000,24000000,20000000
10,Christopher_J_Jordan ,04-10-1988,29,Right_Handed,Right_Arm_Fast_Medium,11,1,180,35,18,0,0,0,0,0,0,24,1,320,56.25,0,255,1530,74,752,21,35.81,0,0,Apr-18,Jul-50,0,2.95,72.86,14,3,4,21,7,169,38*,12.07,0,0,3,12,5,188,89.89,0,254.2,1526,6,1519,44,34.52,1,May-29,5.97,34.68,19,2,20,9,163,27*,14.82,0,0,1,12,7,139,117.27,0,108,648,0,947,34,27.85,1,Apr-28,8.77,19.06,13,2,2,0,3,3,1.5,0,0,1,0,0,5,60,0,"
                        29.0","
                        174","
                        0","
                        267",12,22.25,"
                        1",04-Nov,9.21,14.5,"
                        4","
                        1",2500000,2500000,10000000
11,David_A_Miller ,10-06-1989,28,Left_Handed,Right_Arm_Off_Break,0,0,0,0,0,0,0,0,0,0,0,0,0,0,0,0,0,0,0,0,0,0,0,0,Jan-00,Jan-00,0,0,0,0,0,0,93,27,2503,138*,37.92,10,4,8,186,74,2475,101.13,1,0,0,0,0,0,0,0,Jan-00,0,0,50,3,52,15,1070,101*,28.92,1,1,0,71,48,765,139.87,1,0,0,0,0,0,0,0,Jan-00,0,0,39,3,64,20,1563,101*,35.52,8,1,1,104,78,1105,141.45,0,0,0,0,0,0,0,0,Jan-00,0,0,"
                        42","
                        3",25700000,25700000,30000000
12,David_A_Warner ,27-10-1986,31,Left_Handed,Right_Arm_Leg_Break,132,5,6197,253,48.8,28,21,1,0,6,0,740,54,8303,74.64,129,57,342,1,269,4,67.25,0,0,Feb-45,Feb-45,0,4.72,85.5,52,2,4,104,4,4343,179,43.43,17,14,2,454,69,4498,96.55,103,1,6,0,8,0,0,0,0/8,8,0,48,2,70,3,1792,90*,26.75,13,0,5,172,79,1279,140.11,63,0,0,0,0,0,0,0,Jan-00,0,0,40,3,113,15,3922,126,40.02,35,3,7,392,150,2774,141.38,93,0,0,0,0,0,0,0,Jan-00,0,0,"
                        51","
                        4",125000000,125000000,120000000
13,Dwayne_J_J_Bravo ,07-10-1983,34,Right_Handed,Right_Arm_Medium,71,1,2200,113,31.43,13,3,0,0,6,0,269,21,4528,48.59,1,1077.4,6466,213,3426,86,39.84,2,0,Jun-55,Jun-84,0,3.18,75.19,41,3,4,141,24,2968,112*,25.37,10,2,11,240,58,3606,82.31,3,1085.1,6511,41,5874,199,29.52,7,Jun-43,5.41,32.72,73,3,59,12,1142,66*,24.3,4,0,4,67,49,981,116.41,0,173.4,1042,0,1470,52,28.27,2,Apr-28,8.46,20.04,35,3,83,28,1262,70*,22.95,4,0,2,103,48,999,126.33,3,"
                        336.1","
                        2017","
                        1","
                        2755",122,22.58,"
                        2",Apr-22,8.2,16.53,"
                        60","
                        3",7000000,2500000,64000000
14,Francois_du_Plessis ,13-07-1984,33,Right_Handed,Right_Arm_Leg_Break,78,11,3022,137,45.1,17,7,0,0,6,0,361,13,6781,44.57,0,13,78,0,69,0,0,0,0,0/1,0/0,0,5.31,0,40,2,3,112,14,4379,185,44.68,29,9,3,378,54,4959,88.3,0,32,192,0,189,2,94.5,0,01-Aug,5.91,96,60,3,39,6,1191,119,36.09,7,1,0,107,38,894,133.22,1,1.2,8,0,3,0,0,0,0/0,2.25,0,20,2,46,3,1295,73,30.12,8,0,2,110,38,1012,127.96,21,"
                        1.0","
                        6","
                        0","
                        16",0,0,"
                        0",Jan-00,16,0,"
                        29","
                        2",23750000,7500000,16000000
15,Gautam_Gambhir ,14-10-1981,36,Left_Handed,Right_Arm_Leg_Break,104,5,4154,206,41.96,22,9,1,0,7,0,518,10,8067,51.49,101,2,12,0,4,0,0,0,0,0/4,0/0,0,2,0,38,2,3,143,11,5238,150*,39.68,34,11,11,561,17,6144,85.25,91,1,6,0,13,0,0,0,0/13,13,0,36,3,36,2,932,75,27.41,7,0,2,109,10,783,119.03,36,0,0,0,0,0,0,0,Jan-00,0,0,11,2,147,16,4132,93,31.54,35,0,12,484,58,3316,124.61,118,0,0,0,0,0,0,0,Jan-00,0,0,"
                        27","
                        2",46875000,46875000,28000000
16,Glenn_James_Maxwell ,14-10-1988,29,Right_Handed,Right_Arm_Off_Break,14,1,339,104,26.08,0,1,0,0,0,0,33,7,570,59.47,1,77,462,4,341,8,42.63,0,0,4/127,4/127,0,4.43,57.75,5,2,2,72,8,2069,102,32.33,15,1,8,207,68,1681,123.08,1,317.4,1906,7,1765,45,39.22,2,Apr-46,5.56,42.36,50,4,38,7,1072,145*,34.58,3,2,1,99,54,647,165.69,2,79,474,0,585,20,29.25,0,03-Oct,7.41,23.7,23,2,56,7,1228,95,25.06,6,0,9,95,82,747,164.39,2,"
                        54.0","
                        324","
                        0","
                        479",11,43.55,"
                        0",Feb-15,8.87,29.45,"
                        22","
                        3",60000000,5000000,90000000
17,Harbhajan_Singh ,03-07-1980,37,Right_Handed,Right_Arm_Off_Break,145,23,2225,115,18.24,9,2,0,0,19,1,277,41,3432,64.83,0,4763.2,28580,869,13537,417,32.46,25,5,Aug-84,15/217,0,2.84,68.54,42,2,3,128,35,1237,49,13.3,0,0,17,94,34,1515,81.65,0,2079.5,12479,83,8973,269,33.36,5,May-31,4.31,46.39,71,3,13,5,108,21,13.5,0,0,1,11,4,87,124.14,0,102,612,5,632,25,25.28,1,04-Dec,6.2,24.48,7,2,84,35,799,64,16.31,1,0,13,76,41,561,142.42,0,"
                        486.3","
                        2919","
                        5","
                        3401",127,26.78,"
                        2",May-18,6.99,22.98,"
                        40","
                        2",25500000,25500000,20000000
18,Hardik_H_Pandya ,11-10-1993,24,Right_Handed,Right_Arm_Medium_Fast,9,0,297,108,33,2,1,0,0,1,0,32,11,338,87.87,0,83,498,10,257,7,36.71,0,0,Feb-27,Mar-80,0,3.1,71.14,7,1,2,25,4,628,83,29.9,4,0,2,39,31,542,115.87,0,267.2,1604,3,1458,39,37.38,0,Mar-31,5.45,41.13,17,2,18,2,188,31,11.75,0,0,2,10,9,143,131.47,0,80.5,485,1,646,26,24.85,0,03-Aug,7.99,18.65,20,2,33,14,406,61*,21.37,1,0,2,24,28,285,142.46,0,"
                        59.4","
                        358","
                        0","
                        542",10,54.2,"
                        0",Feb-22,9.08,35.8,"
                        24","
                        3",500000,500000,20000000
19,Jasprit_J_Bumrah ,06-12-1993,24,Right_Handed,Right_Arm_Medium,6,2,4,2,1,0,0,0,0,2,0,0,0,36,11.11,0,112.1,673,16,353,14,25.21,1,0,May-54,7/111,0,3.15,48.07,2,1,1,5,2,11,10*,3.67,0,0,2,2,0,31,35.48,0,309.5,1859,19,1440,64,22.5,4,May-27,4.65,29.05,12,2,6,4,8,7,4,0,0,1,1,0,13,61.54,0,122.1,733,4,838,41,20.44,0,03-Nov,6.86,17.88,4,1,8,6,26,16*,13,0,0,1,1,1,27,96.3,0,"
                        173.0","
                        1038","
                        2","
                        1402",46,30.48,"
                        0",03-Jul,8.1,22.57,"
                        3","
                        1",6000000,1000000,70000000
20,Jean-Paul_Duminy ,14-04-1984,33,Left_Handed,Right_Arm_Off_Break,74,10,2103,166,32.86,8,6,0,0,9,0,250,13,4544,46.28,0,450.3,2703,48,1601,42,38.12,0,0,Apr-47,Apr-51,0,3.55,64.36,39,3,3,166,37,4767,150*,36.95,25,4,7,316,63,5732,83.16,0,539.3,3237,8,2891,65,44.48,1,Apr-16,5.36,49.8,76,3,70,22,1822,96*,37.96,11,0,6,130,65,1460,124.79,2,75.1,451,0,579,20,28.95,0,Mar-18,7.7,22.55,34,2,73,23,1993,78*,39.86,14,0,1,123,78,1596,124.87,1,"
                        110.0","
                        660","
                        0","
                        798",23,34.7,"
                        1",Apr-17,7.25,28.7,"
                        28","
                        3",39500000,5000000,10000000
21,Joseph_C_Buttler ,08-09-1990,27,Right_Handed, ,30,5,784,85,31.36,6,0,0,0,2,0,96,11,1412,55.52,1,0,0,0,0,0,0,0,0,Jan-00,0,0,0,0,5,3,3,90,18,2787,129,38.71,15,5,9,231,86,2361,118.04,0,0,0,0,0,0,0,0,Jan-00,0,0,137,6,53,11,1069,73*,25.45,5,0,3,75,46,795,134.47,1,0,0,0,0,0,0,0,00-Jan,0,0,1,1,24,3,527,77,25.1,1,0,1,50,26,361,145.98,10,0,0,0,0,0,0,0,Jan-00,0,0,"
                        4","
                        2",30000000,30000000,44000000
22,Kane_S_Williamson ,08-08-1990,27,Right_Handed,Right_Arm_Off_Break,113,10,5214,242*,50.62,26,17,1,0,6,0,573,12,10321,50.52,0,338.3,2031,47,1129,29,38.93,0,0,Apr-44,Apr-44,0,3.34,70.03,56,3,5,118,10,4986,145*,46.17,33,10,5,464,39,5979,83.39,0,231.3,1389,2,1262,35,36.06,1,Apr-22,5.45,39.69,51,3,49,7,1316,73*,31.33,8,0,2,142,21,1088,120.96,27,19.4,118,0,164,6,27.33,0,Feb-16,8.34,19.67,24,3,14,2,361,89,30.08,2,0,0,28,11,280,128.93,0,"
                        1.0","
                        6","
                        0","
                        7",0,0,"
                        0",Jan-00,7,0,"
                        6","
                        2",3000000,2500000,30000000
23,Kannaur_Lokesh_Rahul ,18-04-1992,25,Right_Handed, ,37,1,1458,199,40.5,10,4,0,0,3,0,167,11,2584,56.42,34,0,0,0,0,0,0,0,0,Jan-00,0,0,0,0,27,3,5,9,2,248,100*,35.43,1,1,0,20,4,307,80.78,6,0,0,0,0,0,0,0,Jan-00,0,0,5,2,11,2,458,110*,50.89,3,1,1,41,20,310,147.74,10,0,0,0,0,0,0,0,00-Jan,0,0,3,2,29,6,674,68*,29.3,3,0,1,55,23,549,122.77,6,0,0,0,0,0,0,0,Jan-00,0,0,"
                        4","
                        1",5000000,500000,110000000
24,Keiron_A_Pollard ,12-05-1987,30,Right_Handed,Right_Arm_Medium_Fast,0,0,0,0,0,0,0,0,0,0,0,0,0,0,0,0,0,0,0,0,0,0,0,0,Jan-00,Jan-00,0,0,0,0,0,0,95,6,2289,119,25.72,9,3,12,145,110,2464,92.9,0,340.4,2044,4,1956,50,39.12,0,Mar-27,5.74,40.88,53,4,48,10,768,63*,20.21,2,0,1,55,39,582,131.96,0,81,486,0,669,23,29.09,0,Mar-30,8.26,21.13,25,2,113,32,2344,78,28.94,12,0,2,157,146,1599,146.59,0,"
                        197.5","
                        1187","
                        4","
                        1747",56,31.2,"
                        1",Apr-44,8.83,21.2,"
                        70","
                        2",22500000,22500000,54000000
25,Kuldeep_Yadav ,14-12-1994,23,Left_Handed,Left_Arm_Chinaman_(Googly),2,0,33,26,16.5,0,0,0,0,0,0,3,0,90,36.67,0,58,348,9,187,9,20.78,0,0,Apr-40,May-96,0,3.22,38.67,1,1,1,7,5,23,19,11.5,0,0,1,4,0,37,62.16,0,162.4,976,6,781,39,20.03,2,Apr-23,4.8,25.03,2,1,1,0,16,16,16,0,0,0,1,0,19,84.21,0,29,174,0,222,12,18.5,0,Mar-52,7.66,14.5,1,1,2,0,20,16,10,0,0,0,2,0,22,90.91,0,"
                        53.0","
                        318","
                        0","
                        440",18,24.44,"
                        0",Mar-35,8.3,17.67,"
                        2","
                        1",2000000,500000,58000000
26,Mahendra_Singh_Dhoni ,07-07-1981,36,Right_Handed, ,144,16,4876,224,38.09,33,6,1,0,10,0,544,78,8249,59.11,0,16,96,1,67,0,0,0,0,0/1,0/0,0,4.19,0,256,6,8,272,78,9967,183*,51.38,67,10,8,770,217,11274,88.41,2,6,36,0,31,1,31,0,Jan-14,5.17,36,297,5,78,39,1444,56,37.03,2,0,1,101,47,1141,126.56,0,0,0,0,0,0,0,0,Jan-00,0,0,49,4,143,49,3560,70*,37.87,17,0,3,251,156,2604,136.71,0,0,0,0,0,0,0,0,Jan-00,0,0,"
                        4","
                        1",45000000,0,150000000
27,Manish_Krishnanand_Pandey ,10-09-1989,28,Right_Handed,Right_Arm_Medium,0,0,0,0,0,0,0,0,0,0,0,0,0,0,0,0,0,0,0,0,0,0,0,0,Jan-00,Jan-00,0,0,0,0,0,0,17,6,432,104*,39.27,2,1,2,37,4,464,93.1,0,0,0,0,0,0,0,0,Jan-00,0,0,5,1,15,5,360,79*,36,2,0,2,20,14,276,130.43,0,0,0,0,0,0,0,0,Jan-00,0,0,4,2,94,18,2169,114*,28.54,9,1,11,194,63,1800,120.5,27,0,0,0,0,0,0,0,Jan-00,0,0,"
                        44","
                        3",8500000,1000000,110000000
29,Mitchell_Aaron_Starc ,30-01-1990,28,Left_Handed,Left_Arm_Fast,60,12,1111,99,23.15,9,0,0,0,10,0,110,32,1614,68.84,0,1388.2,8330,279,4715,170,27.74,8,1,Jun-50,Nov-94,0,3.4,49,19,2,4,35,16,262,52*,13.79,1,0,5,20,7,294,89.12,0,598.5,3593,32,2955,141,20.96,14,Jun-28,4.93,25.48,19,1,6,2,12,4,3,0,0,0,0,0,18,66.67,0,83.3,501,1,566,30,18.87,0,03-Nov,6.78,16.7,6,2,12,5,96,29,13.71,0,0,0,10,0,98,97.96,0,"
                        96.4","
                        580","
                        1","
                        693",34,20.38,"
                        1",Apr-15,7.17,17.06,"
                        16","
                        2",25000000,10000000,94000000
30,Mohammed_Shami_Ahmed ,09-03-1990,27,Right_Handed,Right_Arm_Fast_Medium,40,13,398,51*,14.74,1,0,0,0,5,0,41,16,517,76.98,0,939,5634,164,3180,110,28.91,3,0,May-28,9/118,0,3.39,51.22,6,1,1,23,12,116,25,10.55,0,0,4,8,6,133,87.22,0,420.5,2525,29,2309,91,25.37,6,Apr-35,5.49,27.75,16,2,0,0,0,0,  ,0,0,0,0,0,0,0,0,23.4,142,0,250,8,31.25,0,Mar-38,10.56,17.75,0,0,13,6,46,21,6.57,0,0,1,4,2,45,102.22,0,"
                        104.1","
                        625","
                        0","
                        934",18,51.89,"
                        0",Feb-34,8.97,34.72,"
                        1","
                        1",21250000,5000000,30000000
31,Pathiv_A_Patel ,09-03-1985,32,Left_Handed, ,38,8,934,71,31.13,6,0,0,0,4,0,126,1,1928,48.44,6,0,0,0,0,0,0,0,0,Jan-00,Jan-00,0,0,0,21,4,5,34,3,736,95,23.74,4,0,2,79,7,942,78.13,25,0,0,0,0,0,0,0,Jan-00,0,0,30,3,2,0,36,26,18,0,0,0,4,1,32,112.5,2,0,0,0,0,0,0,0,Jan-00,0,0,1,1,117,10,2322,81,21.7,10,0,12,297,35,1981,117.21,97,0,0,0,0,0,0,0,Jan-00,0,0,"
                        3","
                        1",26400000,5000000,17000000
33,Piyush_Pramod_Chawla ,24-12-1988,29,Left_Handed,Right_Arm_Leg_Break,3,0,6,4,2,0,0,0,0,0,0,1,0,23,26.09,0,82,492,13,270,7,38.57,0,0,Apr-69,4/133,0,3.29,70.29,1,1,1,12,5,38,13*,5.43,0,0,1,3,0,58,65.52,0,218.4,1312,6,1117,32,34.91,2,Apr-23,5.11,41,9,3,1,0,0,0,0,0,0,1,0,0,1,0,0,23,138,1,151,4,37.75,0,Feb-13,6.57,34.5,2,2,69,27,515,24*,12.26,0,0,11,49,15,453,113.69,0,"
                        427.1","
                        2563","
                        2","
                        3261",126,25.88,"
                        2",Apr-17,7.63,20.34,"
                        31","
                        3",19500000,19500000,42000000
34,Quinton_de_Kock ,17-12-1992,25,Left_Handed, ,47,5,1649,129*,39.26,11,3,0,0,4,0,207,16,2275,72.48,2,0,0,0,0,0,0,0,0,Jan-00,Jan-00,0,0,0,118,5,8,90,5,3860,178,45.41,15,13,2,436,55,4107,93.99,87,0,0,0,0,0,0,0,Jan-00,0,0,116,5,31,4,801,59,29.67,2,0,3,93,24,626,127.96,28,0,0,0,0,0,0,0,Jan-00,0,0,30,3,26,1,726,108,29.04,5,1,1,90,21,549,132.24,26,0,0,0,0,0,0,0,Jan-00,0,0,"
                        3","
                        2",18100000,5000000,28000000
35,Ravichandran_Ashwin ,17-09-1986,31,Right_Handed,Right_Arm_Off_Break,80,10,2145,124,30.64,11,4,0,0,3,0,240,12,3900,55,0,2752.3,16515,558,7951,311,25.57,26,7,Jul-59,13/140,0,2.89,53.1,21,2,2,61,19,675,65,16.07,1,0,6,59,6,776,86.98,0,1003.3,6021,35,4937,150,32.91,1,Apr-25,4.92,40.14,30,3,11,7,123,31*,30.75,0,0,0,14,1,115,106.96,0,171,1026,2,1193,52,22.94,2,04-Aug,6.98,19.73,8,1,37,15,231,29,10.5,0,0,4,22,2,240,96.25,1,"
                        381.4","
                        2290","
                        4","
                        2499",100,24.99,"
                        1",Apr-34,6.55,22.9,"
                        23","
                        2",25500000,25500000,76000000
37,Ravindrasinh_Anirudhsinh_Jadeja ,06-12-1988,29,Left_Handed,Left_Arm_Orthodox,52,12,1176,90,29.4,8,0,0,0,3,0,121,32,1809,65.01,0,1683.4,10102,446,3917,165,23.74,9,1,Jul-48,10/154,0,2.33,61.22,28,3,5,93,32,1914,87,31.38,10,0,5,152,36,2244,85.29,0,1134.2,6806,45,5561,155,35.88,6,May-36,4.9,43.91,51,2,18,6,116,25,9.67,0,0,2,6,2,124,93.55,0,135.1,811,3,983,32,30.72,0,Mar-48,7.27,25.34,18,2,108,36,1730,48,24.03,0,0,6,125,57,1405,123.13,0,"
                        320.5","
                        1925","
                        0","
                        2506",80,31.33,"
                        4",May-16,7.81,24.06,"
                        41","
                        3",44250000,44250000,70000000
38,Robin_V_Uthappa ,11-11-1985,32,Right_Handed,Right_Arm_Medium,0,0,0,0,0,0,0,0,0,0,0,0,0,0,0,0,0,0,0,0,0,0,0,0,Jan-00,0,0,0,0,0,0,0,42,6,934,86,25.94,6,0,4,107,19,1031,90.59,16,0.2,2,0,0,0,0,0,0/0,0,0,15,3,12,2,249,50,24.9,1,0,1,26,6,211,118.01,2,0,0,0,0,0,0,0,Jan-00,0,0,1,1,143,15,3778,87,29.52,22,0,6,371,123,2870,131.64,70,0,0,0,0,0,0,0,Jan-00,0,0,"
                        17","
                        3",68500000,10000000,64000000
39,Rohit_G_Sharma ,30-04-1987,30,Right_Handed,Right_Arm_Off_Break,43,6,1479,177,39.97,9,3,0,0,4,0,144,32,2682,55.15,0,55.4,334,3,202,2,101,0,0,Jan-26,Jan-35,0,3.63,167,24,3,3,174,26,6594,264,44.55,34,17,12,567,169,7582,86.97,95,98.5,593,2,515,8,64.38,0,Feb-27,5.21,74.13,60,3,67,12,1679,118,30.53,12,2,4,154,68,1238,135.62,44,11.2,68,0,113,1,113,0,Jan-22,9.97,68,28,3,154,25,4207,109*,32.61,32,1,9,354,172,3214,130.9,17,"
                        59.2","
                        356","
                        0","
                        475",15,31.67,"
                        1",04-Jun,8.01,23.73,"
                        71","
                        3",101250000,101250000,150000000
40,Separamadu_Lasith_Malinga ,28-08-1983,34,Right_Handed,Right_Arm_Fast,37,13,275,64,11.46,1,0,0,0,9,2,36,6,619,44.43,0,868.1,5209,112,3349,101,33.16,3,0,May-50,9/210,0,3.86,51.57,7,2,2,102,31,496,56,6.99,1,0,24,38,20,654,75.84,0,1638.2,9830,93,8705,301,28.92,16,Jun-38,5.31,32.66,29,2,21,8,73,27,5.62,0,0,5,3,3,94,77.66,0,241.5,1451,0,1780,90,19.78,2,May-31,7.36,16.12,18,2,25,9,88,17,5.5,0,0,6,6,5,99,88.89,0,"
                        426.2","
                        2558","
                        8","
                        2936",154,19.06,"
                        5",May-13,6.89,16.61,"
                        20","
                        1",50000000,50000000,0
41,Shane_R_Watson ,17-06-1981,36,Right_Handed,Right_Arm_Fast_Medium,109,3,3731,176,35.2,24,4,0,0,6,0,483,31,7094,52.59,52,915.5,5495,238,2526,75,33.68,3,0,Jun-33,Jun-51,0,2.76,73.27,45,3,3,169,27,5757,185*,40.54,33,9,12,570,131,6365,90.45,93,1077.4,6466,37,5342,168,31.8,3,Apr-36,4.96,38.49,65,2,56,6,1462,124*,29.24,10,1,3,115,83,1006,145.33,38,155,930,2,1187,48,24.73,1,Apr-15,7.66,19.38,21,2,97,14,2620,104*,31.57,14,2,3,255,122,1888,138.77,29,"
                        306.1","
                        1837","
                        3","
                        2398",85,28.21,"
                        1",Apr-29,7.83,21.61,"
                        29","
                        2",10000000,47500000,40000000
42,Shikhar_Dhawan ,05-12-1985,32,Left_Handed, ,49,1,2046,190,42.63,5,6,0,0,4,1,274,9,3070,66.64,49,9,54,2,18,0,0,0,0,0/0,0/0,0,2,0,24,2,2,101,6,4361,137,45.91,25,13,3,534,53,4667,93.44,101,0,0,0,0,0,0,0,Jan-00,,,46,2,30,3,681,80,25.22,4,0,1,84,18,544,125.18,30,,,,,,,,,,,10,2,126,17,3550,95*,32.57,28,0,5,399,71,2912,121.91,106,"
                        14.0","
                        84",0,113,4,28.25,"
                        0",01-Jul,8.07,21,"
                        53","
                        2",9000000,9000000,52000000
43,Steven_P_D_Smith ,02-06-1989,28,Right_Handed,Right_Arm_Leg_Break,112,16,6113,239,63.68,24,23,2,0,4,0,676,34,10975,55.7,0,216.1,1297,20,924,17,54.35,0,0,Mar-18,Apr-83,0,4.27,76.29,89,4,6,94,12,3431,164,41.84,19,8,5,289,31,3973,86.36,0,174.2,1046,1,931,27,34.48,0,Mar-16,5.34,38.74,62,3,25,5,431,90,21.55,2,0,1,34,11,352,122.44,0,48.3,291,1,377,17,22.18,0,Mar-20,7.77,17.12,18,2,62,16,1703,101,37.02,5,1,1,150,45,1293,131.71,0,"
                        0.2","
                        2","
                        0","
                        5",0,,"
                        0",,15,,"
                        37","
                        3",6000000,6000000,120000000
44,Stuart_T_R_Binny ,03-06-1984,33,Right_Handed,Right_Arm_Medium,10,1,194,78,21.56,1,0,0,0,2,0,23,1,333,58.26,0,75,450,12,258,3,86,0,0,Feb-24,Feb-73,0,3.44,150,4,1,1,11,3,230,77,28.75,1,0,1,23,5,246,93.5,0,81.4,490,4,439,20,21.95,1,06-Apr,5.38,24.5,3,2,2,0,35,24,17.5,0,0,0,2,1,29,120.69,0,5,30,0,54,1,54,0,Jan-14,10.8,30,,,58,20,766,48*,20.16,0,0,5,59,29,604,126.82,0,"
                        90.0","
                        540","
                        0","
                        681",21,32.43,"
                        0",Feb-14,7.57,25.71,"
                        18","
                        2",10000000,10000000,5000000
45,Sunil_Philip_Narine ,26-05-1988,29,Left_Handed,Right_Arm_Off_Break,7,2,40,22*,8,0,0,0,0,1,0,4,1,92,43.48,0,275,1650,60,851,21,40.52,2,0,Jun-91,8/223,0,3.09,78.57,2,1,1,45,12,363,36,11,0,0,8,36,12,441,82.31,0,590,3540,35,2435,92,26.47,6,Jun-27,4.13,38.48,14,2,20,8,147,30,12.25,0,0,2,13,5,116,126.72,0,171.4,1030,1,1034,50,20.68,1,04-Dec,6.02,20.6,7,2,32,12,271,54,13.55,1,0,4,36,12,184,147.28,12,"
                        320.5","
                        1925","
                        2","
                        2031",95,21.38,"
                        7",May-19,6.33,20.26,"
                        16","
                        2",21000000,21000000,85000000
46,Suresh_Kumar_Raina ,27-11-1986,31,Left_Handed,Right_Arm_Off_Break,31,2,768,120,26.48,7,1,0,0,8,2,100,4,1445,53.15,0,173.3,1041,22,603,13,46.38,0,0,02-Jan,02-Jan,0,3.48,80.08,23,2,4,192,35,5568,116*,35.46,36,5,14,470,120,5938,93.77,0,347.2,2084,4,1769,36,49.14,0,Mar-34,5.09,57.89,100,3,58,11,1396,101,29.7,4,1,2,128,49,1041,134.1,0,55.1,331,0,422,13,32.46,0,02-Jun,7.65,25.46,36,3,157,24,4540,100*,34.14,31,1,7,402,173,3264,139.09,0,"
                        153.2","
                        920","
                        0","
                        1139",25,45.56,"
                        0",2/0,7.43,36.8,"
                        86","
                        3",19500000,19500000,110000000
47,Timothy_G_Southee ,11-12-1988,29,Right_Handed,Right_Arm_Medium_Fast,88,7,1384,77,17.09,3,0,0,0,9,0,138,62,1567,88.32,0,2141.2,12848,477,6543,208,31.46,6,1,Jul-64,10/108,0,3.06,61.77,36,2,3,78,29,609,55,12.43,1,0,12,50,24,596,102.18,0,1086.3,6519,69,5855,173,33.84,6,Jul-33,5.39,37.68,35,3,20,6,127,23,9.07,0,0,2,11,7,93,136.56,0,178,1068,2,1543,62,24.89,1,May-18,8.67,17.23,19,2,9,3,54,25,9,0,0,0,3,3,35,154.29,0,"
                        110.0","
                        660","
                        2","
                        914",22,41.55,"
                        0",Mar-24,8.31,30,"
                        11","
                        2",9250000,3750000,10000000
48,Virat_Kohli ,05-11-1988,29,Right_Handed,Right_Arm_Medium,112,8,5554,243,53.4,16,21,6,0,6,0,618,17,9532,58.27,0,27.1,163,2,76,0,,0,0,0/0,0/0,0,2.8,,63,3,4,200,35,9588,183,58.11,46,35,12,893,104,10405,92.15,6,106.5,641,1,665,4,166.25,0,Jan-15,6.22,160.25,100,3,53,14,1983,90*,50.85,18,0,1,210,41,1444,137.33,6,24.2,146,0,198,4,49.5,0,Jan-13,8.14,36.5,27,3,142,23,4414,113,37.09,30,4,6,381,160,3401,129.79,43,"
                        41.5","
                        251","
                        0","
                        368",4,92,"
                        0",Feb-25,8.8,62.75,"
                        61","
                        2",125000000,125000000,170000000
49,Wriddhiman_Prasanta_Saha ,24-10-1984,33,Right_Handed, ,46,8,1164,117,30.63,5,3,0,0,6,0,108,12,2610,44.6,0,,,,,,,,,,,,,,75,5,10,5,2,41,16,13.67,0,0,0,5,0,56,73.21,0,,,,,,,,,,,17,4,,,,,,,,,,,,,,,,,,,,,,,,,,80,19,1557,115*,25.52,6,1,2,130,57,1191,130.73,8,,,,,,,,,,,"
                        4","
                        1",14000000,5000000,50000000
50,Yusuf_K_Pathan ,17-11-1982,35,Right_Handed,Right_Arm_Off_Break,,,0,0,0,0,0,0,0,0,0,0,0,0,0,0,0,0,0,0,0,0,0,0,0,0,0,0,0,0,0,0,41,11,810,123*,27,3,2,7,62,43,713,113.6,0,248.2,1490,3,1365,33,41.36,0,Mar-49,5.5,45.15,17,3,18,5,236,37*,18.15,0,0,3,11,17,161,146.58,1,50.5,305,0,438,13,33.69,0,Feb-22,8.62,23.46,9,2,133,35,2904,100,29.63,13,1,8,239,146,1996,145.49,5,"
                        186.1","
                        1117","
                        1","
                        1365",41,33.29,"
                        0",Mar-20,7.33,27.24,"
                        40","
                        2",54875000,10000000,19000000
51,Yuvraj_Singh ,12-12-1981,36,Left_Handed,Left_Arm_Medium,62,6,1900,169,33.93,11,3,0,0,7,0,260,22,3277,57.98,2,155.1,931,14,547,9,60.78,0,0,02-Sep,Feb-20,0,3.53,103.44,31,2,4,278,40,8701,150,36.56,52,14,18,908,155,9923,87.69,2,841.2,5048,18,4294,111,38.68,3,May-31,5.1,45.48,94,3,51,9,1177,77*,28.02,8,0,1,77,74,863,136.38,0,70.4,424,0,499,28,17.82,0,Mar-17,7.06,15.14,12,2,116,15,2588,83,25.62,12,0,4,204,141,1972,131.24,2,"
                        142.5","
                        857","
                        0","
                        1054",36,29.28,"
                        2",Apr-29,7.38,23.81,"
                        30","
                        2",107333333.3,18333333.33,20000000
52,Zaheer_Khan ,07-10-1978,39,Right_Handed,Left_Arm_Fast_Medium,127,24,1230,75,11.94,3,0,0,0,29,3,141,28,2384,51.59,0,3130.5,18785,624,10247,311,32.95,11,1,Jul-87,10/149,0,3.27,60.4,19,2,2,101,35,792,34*,12,0,0,15,69,24,1078,73.47,0,1682.5,10097,117,8301,282,29.44,8,May-42,4.93,35.8,43,3,4,2,13,9,6.5,0,0,0,0,1,10,130,0,58.4,352,0,448,17,26.35,1,Apr-19,7.64,20.71,2,1,32,18,117,23*,8.36,0,0,5,11,2,141,82.98,0,"
                        366.4","
                        2200","
                        5","
                        2782",102,27.27,"
                        1",Apr-17,7.59,21.57,"
                        21","
                        2",30000000,5000000,0
